"Item","Description","Quantity","Cost","Price"
"CABLES:24 PIN POWER SUPPLY EXTENSION","24 PIN POWER EXTENSION CABLE ATX PC PSU MALE & FEMALE PORT M/F EXPANDER 24.5CM",0,116.64,144.00
"CABLES:4 PIN POWER SUPPLY EXTENSION","4 PIN POWER EXTENSION 20CM / 8 INCH 12V MALE TO FEMALE PORT",0,78.975,97.50
"CABLES:HDMI CABLE","HDMI CABLE",10,90.75,103.98
"CABLES:LAN CABLE","1 METER LAN CABLE",-50,13.50,18.00
"CABLES:POWER CORD CABLE","POWER CORD CABLE",21,33.00,54.00
"CABLES:VGA CABLE","VGA CABLE",13,52.80,57.98
"CASE FAN:12CM*1 AD-LINK BLACK","AD-LINK 12CM BLACK SINGLE FAN",4,72.00,80.00
"CASE FAN:12CM*1 GSTORM BLAZE BLUE","GSTORM BLAZE 12CM BLUE CASE FAN",7,132.00,185.00
"CASE FAN:12CM*1 GSTORM BLAZE ICE BLUE","GSTORM BLAZE 12CM ICE BLUE CASE FAN",2,132.00,185.00
"CASE FAN:12CM*1 GSTORM BLAZE RED","GSTORM BLAZE 12CM RED CASE FAN",2,132.00,185.00
"CASE FAN:12CM*1 GSTORM BLAZE RGB","GSTORM BLAZE 12CM RGB CASE FAN",0,132.00,185.00
"CASE FAN:12CM*1 INPLAY UFO GREEN","INPLAY UFO GREEN 12CM SINGLE FAN",0,166.50,200.00
"CASE FAN:12CM*1 INPLAY UFO ORANGE","INPLAY UFO ORANGE 12CM SINGLE FAN",2,166.50,200.00
"CASE FAN:12CM*3 DEEPCOOL RF120FS","DEEPCOOL RF120FS 3IN1 LED TRICOLOR FAN I W/ HUB I 4PIN PWM",1,757.90,985.27
"CASE FAN:12CM*3 INPLAY ICE TOWER KIT","INPLAY ICE TOWER 12CM 3 FAN KIT RGB WITH FAN HUB & REMOTE/ 1 MONTHS WARRANTY ONLY",2,727.10,880.88
"CASE FAN:12CM*3 KEYTECH GALAXY X3","KEYTECH GALAXY X3 ARGB COOLING FANS 3 IN 1 MUSIC SYNC GAMING FAN | 6 PIN CONNECTOR | ARGB LIGHTI...",2,734.80,926.64
"CASE FAN:12CM*3 KEYTECH STORM X3 PRO","KEYTECH STORM X3 PRO ARGB COOLING FANS 3 IN 1 MUSIC SYNC GAMING FAN | 6 PIN CONNECTOR | ARGB LIG...",0,712.80,926.64
"CASE FAN:8CM*1 AD-LINK BLACK","AD-LINK 8CM BLACK SINGLE FAN",0,45.00,52.50
"CCTV:DAHUA DH-KIT/XVR5104HS-X1 4PVS","DAHUA DH-KIT/XVR5104HS-X1 4PVS (BULLET 2MP) 4PCS ( 18M COXIAL CABLE) 1PC ( 4WAY CABLE)",0,5971.00,6926.36
"CCTV:HIKVISION 4CH KIT TVI-4CH2D2B-1","HIKVISION 4CH KIT TVI-4CH2D2B- 1 MP 2PCS DOME & 2 PCS BULLET 4 PCS (18m) COAXIAL CABLE 1PC 1:4 S...",0,4288.00,5059.84
"CHASSIS:COOLMAN ARMOR BLACK","COOLMAN ARMOR BLACK",1,1354.10,1661.85
"CHASSIS:COOLMAN STREAMER BLACK","COOLMAN STREAMER BLACK ATX GAMING CASE | RGB STRIP FRONT PANEL | TEMPERED GLASS SIDE PANEL | 3.5...",0,1617.75,1941.30
"CHASSIS:COOLMAN STREAMER WHITE","COOLMAN STREAMER WHITE ATX GAMING CASE | RGB STRIP FRONT PANEL | TEMPERED GLASS SIDE PANEL | 3.5...",0,1581.80,1898.16
"CHASSIS:COOMAN ARMOR WHITE","COOLMAN ARMOR WHITE",0,1518.00,2049.30
"CHASSIS:DARKFLASH DLM22 PINK","DARKFLASH DLM22 PINK GAMING CASE M-ATX 4MM TEMPERED GLASS DOOR OPENING SIDE PANEL WITH MAGNETIC ...",0,2165.625,2598.75
"CHASSIS:DARKFLASH DLM22 TIFANY BLUE","DARKFLASH DLM22 TIFANY BLUE GAMING CASE M-ATX 4MM TEMPERED GLASS DOOR OPENING SIDE PANEL WITH MA...",1,2165.625,2598.75
"CHASSIS:DARKFLASH DLM23 WHITE","DARKFLASH DLM23 WHITE | 3 DAYS WARRANTY ON ELECTRONICS PARTS WITH BOX",1,2178.00,2673.00
"CHASSIS:DARKFLASH POLLUX BLACK TEMPERED","DARKFLASH POLLUX BLACK MESH TEMPERED SIDE PANEL WITH 2X 140MM FRONT RAINBOW FAN",0,1942.60,2384.10
"CHASSIS:DARKFLASH POLLUX WHITE","DARKFLASH POLLUX WHITE TEMPERED SIDE PANEL WITH 2X 140MM FRONT RAINBOW FAN",0,2060.30,2528.55
"CHASSIS:FUZION MINI ATX | 165 -22","FUZION MINI ATX ACRYLIC SIDE WITH 700 WATTS POWER SUPPLY | 2X RGB FAN | 165 -22 | 1 MONTH WARRAN...",0,1320.00,1620.00
"CHASSIS:FUZION MINI ATX CASE | 275-D001","FUZION MINI ATX CASE WITH 700 WATTS POWER SUPPLY | 275-D001 | 1 MONTH WARRANTY ON ELECTRONICS PA...",0,825.00,1072.50
"CHASSIS:FUZION PINK HELA SERIES","FUZION HELA SERIES ATX TEMPERED GLASS GAMING CASE | PINK | CP01 | WITH 700 WATTS POWER SUPPLY | ...",0,2255.00,2767.50
"CHASSIS:FUZION Z-001 TEMPERED GLASS","Z-001 FUZION REGULAR ATX TEMPERED GLASS W/PSU 700W AND 3x RGB FAN",0,1925.00,2362.50
"CHASSIS:GAMEKM ICE DRILL BLACK","GAMEKM ICE DRILL BLACK MID TOWER GAMING CASE | ATX, MATX, MITX | TEMPERED GLASS SIDE PANEL | MES...",0,1063.125,1403.33
"CHASSIS:GAMEKM ICE DRILL PINK","GAMEKM ICE DRILL PINK MID TOWER GAMING CASE | ATX, MATX, MITX | TEMPERED GLASS SIDE PANEL | MESH...",0,1097.80,1397.20
"CHASSIS:GAMEKM ICE DRILL WHITE","GAMEKM ICE DRILL WHITE MID TOWER GAMING CASE | ATX, MATX, MITX | TEMPERED GLASS SIDE PANEL | MES...",0,1097.80,1397.20
"CHASSIS:GSTORM MI-A2","GSTORM MI-A2 ACRYLIC SIDE PANEL | BLACK | IRON NET FRONT | MATX, MITX | NO FAN INCLUDED",0,559.90,727.87
"CHASSIS:INPLAY ESPORT 06 BLACK","INPLAY ESPORT 06 BLACK | E-ATX, MICRO ATX | TEMPERED SIDE PANEL | W/ LED | 1 MONTH WARRANTY | 3 ...",1,1185.80,1455.30
"CHASSIS:INPLAY ESPORT 06 PINK","INPLAY ESPORT 06 PINK | E-ATX, MICRO ATX | TEMPERED SIDE PANEL | W/ LED | 1 MONTH WARRANTY | 3 D...",1,1206.45,1551.15
"CHASSIS:INPLAY ESPORT 06 WHITE","INPLAY ESPORT 06 WHITE | E-ATX, MICRO ATX | TEMPERED SIDE PANEL | W/ LED | 1 MONTH WARRANTY | 3 ...",0,1206.45,1551.15
"CHASSIS:INPLAY ESPORT03 PINK RGB STRIP","INPLAY ESPORT 03 PINK TEMPERED SIDE PANEL W/ RGB STRIP FITS ATX, MICRO ATX, MINI ATX,  | 1 MONTH...",0,1137.40,1395.90
"CHASSIS:INPLAY LITE X1","INPLAY LITE X1 COMPUTER CASE",3,344.30,453.85
"CHASSIS:INPLAY METEOR 01","INPLAY METEOR 01 | ATX, MICRO ATX, MINI ITX | TEMEPERED GLASS SIDE PANEL & FRONT | 12CM*6 | 2*HD...",0,856.575,1008.15
"CHASSIS:INPLAY METEOR 05","INPLAY METEOR 05 | ATX,MATX,MITX, | TEMPERED SIDE PANEL | MESH FRONT",1,1171.25,1303.40
"CHASSIS:INPLAY METEOR 3 WHITE TEMPERED","INPLAY METEOR 3 WHITE TEMPERED SIDE PANEL MICRO ATX MINI ATX NO FAN[ 1 MONTH WARRANTY 1 WEEK OUT...",0,1250.70,1534.95
"CHASSIS:INPLAY WIND 01","INPLAY WIND 01 ACRYLIC SIDE PANEL | HONEYCOMB DESIGN | MICRO ATX | MINI-ITX | 2X120MM | 1X80MM |...",0,576.40,765.39
"CHASSIS:INPLAY WIND 02","INPLAY WIND 02 |  ACRYLIC SIDE PANEL | HONEYCOMB DESIGN | MICRO ATX | MINI-ITX | 2X120MM | 1X80M...",0,692.55,733.59
"CHASSIS:KEYTECH T1000 WITH 4 PCS RGB","KEYTECH T1000 WITH 4 PCS RGB FAN TEMPERED SIDE PANEL ATX, MATX MINI ITXT",0,1574.10,1931.85
"CHASSIS:NOVUS VERTEX 950","NOVUS VERTEX 950 | ACRYLIC SIDE PANEL | FIT TO ATX TO MATX | 2*HDD, 2*SSD, 1*FDD, 2*CD | W/ 3PCS...",0,876.70,1117.20
"CHASSIS:SHARKOON TG4 ATX GAMING CASE","SHARKOON TG4 RGB ATX GAMING CASE | MINI-ITX, MICRO-ATX, ATX | 3X120MM RGB FAN, 1X120MM RGB FAN I...",0,2947.32,3547.70
"CHASSIS:T850 KEYTECH TEMPERED  GLASS","T850 KEYTECH TEMPERED  GLASS GAMING CASE",1,1049.40,1335.60
"CHASSIS:VIKINGS-SHIELD VKS-30","VIKINGS-SHIELD VKS-30 | TEMPERED GLASS GAMING CASE | ATX, MICRO ATX, MINI ITX | 2*HDD, 2*SSD, 2*...",0,2655.00,3289.00
"COMPUTER TABLE:KENSONIC TC-6810","KENSONIC TC-6810 TABLE",1,1043.28,1309.00
"CPU COOLER:CPU COOLER E126MR 92W","CPU COOLER E126MR 92W CPU COOLER | RED 15 DAYS WARRANTY 3 DAYS OUTRIGHT REPLACEMENT",0,253.00,345.00
"CPU COOLER:INPLAY ICE 120 AIO ARGB BLACK","INPLAY ICE 120 AIO BLACK | ARGB LIQUID COOLING FAN | 1*120MM PWM FANS",0,1404.00,1798.20
"CPU COOLER:INPLAY ICE 240 AIO ARGB BLACK","INPLAY ICE 240 AIO BLACK | ARGB LIQUID COOLING FAN | 2*120MM PWM FANS",2,1995.55,2517.75
"CPU COOLER:INPLAY ICE 240 AIO ARGB WHITE","INPLAY ICE 240 AIO WHITE | ARGB LIQUID COOLING FAN | 2*120MM PWM FANS",0,2047.50,2764.13
"GAMING CHAIR:NOVUS CGW-501RD W/ FOOTREST","NOVUS CGW-501RD RED BLACK W/ FOOTREST 90-135 DEGREE RECLINING GAMING CHAIR",0,4851.00,5451.60
"GRAPHICS CARD:ASUS PH GTX 1050Ti","ASUS PH GTX 1050Ti PHOENIX 4GB DDR5 128 BIT [SINGLE FAN{ AUTO EXTREME{",0,7956.36,8789.88
"GRAPHICS CARD:COLORFUL GT710 2GB","2GB COLORFUL GT710 VGA  | 1 YEAR WARRANTY",1,2750.00,3250.00
"GRAPHICS CARD:GIGABYTE GF210 1GB","1GB GIGABYTE GF210 DDR3 64 BIT",1,2585.00,3055.00
"GRAPHICS CARD:GTX1050 TI GEFORCE 4GB MSI","MSI GEFORCE GTX1050 TI 4GT 4GB OCV1 GDDR5 128-BIT DISPLAY PORT, HDMI, DL-DVI-D",0,8517.60,9328.80
"GRAPHICS CARD:GTX1650 STORMX 4GB PALIT","PALIT GEFORCE GTX1650 STORMX 4GB GDDR6 128BIT",0,7700.589,8556.21
"GRAPHICS CARD:GTX1660 TI AERO ITX GEFORCE MSI","MSI AERO ITX GEFORCE GTX1660 TI | 6GB GDDR6 | DIRECTX12 | TURING SHADERS | ANSEL | 192-BIT | DIS...",0,15520.167,17244.63
"GRAPHICS CARD:POWERCOLOR RED DRAGON RX550 4GB","POWERCOLOR RED DRAGON PC AXRX550 4GBD5-DH I 4GB DDR5 I SINGLE FAN I 128BIT I 2 YEARS WARRANTY 1 ...",0,8709.80,9105.70
"GRAPHICS CARD:RX570 8GB RADEON MSI","MSI RADEON RX570 8GB | DIRECTX12 | VULKAN | CHILL | FREESYNC 2 | RELIVE CAPTURE | 256-BIT | 8GB ...",0,9072.00,10350.00
"HEADSET:INPLAY H2 RGB","INPLAY H2 RGB HEADSET | RGB LED W/ MICROPHONE",0,211.95,235.50
"HEADSET:INPLAY HN620","INPLAY HN620 CLEAR HD NOISE CANCELLING HEADSET | W/ MIC | USB TYPE | GOOD FOR CALL CENTER & VIDE...",3,639.00,810.81
"HEADSET:INTELLIGENT INT-S08","INTELLIGENT INT-S08 MULTIMEDIA STEREO HEADSET W/ MICROPHONE",1,291.60,360.00
"HEADSET:REDRAGON ARES H120","REDRAGON ARES H120 GAMING HEADSET | HIGHLY ADJUSTABLE NOISE CANCELLING MICROPHONE FOR OPTIMIZED ...",1,396.00,507.69
"INTERNAL HDD:1TB BARRACUDA SEAGATE","SEAGATE 1TB BARRACUDA ST1000DM010 7200RPM SATA 3.5",2,2157.10,2604.84
"INTERNAL HDD:500GB PIPELINE HD SEAGATE","SEAGATE 500GB ST3500414CS PIPELINE HD",2,663.30,862.29
"INTERNAL HDD:500GB SEAGATE DISTRO BRANDNEW","500GB SEAGATE DISTRO 3.5 7200RPM",0,1293.75,1552.50
"KEYBOARD:PENBLE PB-5000","PENBLE PB-5000 | 19 KEYS NO CONFLICT RED LED GAMING KEYBOARD W/ METAL PANEL SIDE",3,450.00,570.00
"KEYBOARD & MOUSE:BLACK IT&T KEYBOARD/MOUSE BUNDL","DD-959 BLACK IT&T DD-959 KEYBOARD AND MOUSE COMBO WITH LED I BLACK I  1 MONTH WARRANTY | 1 WEEK ...",2,290.40,396.00
"KEYBOARD & MOUSE:DELUX K6005U+M331BU","DELUX K6005U+M331BU OFFICE KEYBOARD  AND MOUSE BUNDLE | LASER GRAVED | 15 DAYS WARRANTY | 3 DAYS...",1,343.20,468.00
"KEYBOARD & MOUSE:INPLAY STX200","INPLAY STX200 WIRED KEYBOARD & MOUSE W/ RAINBOW BACKLIGHT",2,295.65,328.50
"KEYBOARD & MOUSE:INPLAY STX360","INPLAY STX360 WIRED KEYBOARD & MOUSE W/ RAINBOW BACKLIGHT",0,283.80,387.00
"KEYBOARD & MOUSE:INPLAY STX520 DARK KNIGHT","INPLAY STX520 DARK KNIGHT | SUSPENSION KEYCAPESS | WIRED KEYBOARD & MOUSE W/ RAINBOW BACKLIGHT",1,445.50,587.25
"KEYBOARD & MOUSE:REDRAGON S101-3","REDRAGON S101-3 WIRED GAMING KEYBOARD & MOUSE COMBO W/ RGB BACKLIGHT",3,990.00,1260.00
"KEYBOARD & MOUSE:REDRAGON S107","REDRAGON S107 3 IN 1 GAMING ESSENTIALS KEYBOARD MOUSE AND MOUSE PAD",3,1155.00,1417.50
"KMHE BUNDLE:4 IN 1 CLEVER BUNDLE","4 IN 1 FUZION KEYBOARD/ MOUSE/ HEADSET/ MOUSE PAD BUNDLE | CP01 | 1 MONTH WARRANTY | 3 DAYS REPL...",3,715.00,929.50
"KMHE BUNDLE:INPLAY STX240 BLACK  RGB COMBO","INPLAY STX 240 BLACK COMBO | KEYBOARD, MOUSE, HEADSET | 1 MONTH WARRANTY | 3 DAYS OUTRIGHT REPLA...",1,482.90,636.55
"KMHE BUNDLE:INPLAY STX540 BLACK","INPLAY STX540 BLACK 4 IN 1 COMBO GAMING KEYBOARD, MOUSE, HEADSET, EXTENDED MOUSEPAD | METAL FRAM...",1,968.00,1355.20
"KMHE BUNDLE:INPLAY STX540 PINK","INPLAY STX540 PINK 4 IN 1 COMBO GAMING KEYBOARD, MOUSE, HEADSET, EXTENDED MOUSEPAD | METAL FRAME...",1,1027.40,1386.99
"KMHE BUNDLE:INPLAY STX540 WHITE","INPLAY STX540 WHITE 4 IN 1 COMBO GAMING KEYBOARD, MOUSE, HEADSET, EXTENDED MOUSEPAD | METAL FRAM...",0,1027.40,1386.99
"MONITOR:18.5 INCHES P19B G4 LED HP","HP 18.5"" P19B G4 LED DIAGONAL WXGA | 1366X768 | 16:9 | 5MS | HDMI, VGA | ANTI-REFLECTIVE | BLUE ...",1,3071.88,3858.40
"MONITOR:18.5"" 65HZ G1850HD GOMA LED","GOMA G1850HD 18.5"" LED MONITOR | 65HZ FLAT | 5MS | HDMI, VGA | 1 YEAR WARRANTY 1 WEEK OUTRIGHT R...",1,2403.50,2949.75
"MONITOR:19 INCHES N190 LED NVISION","NVISION N190 19"" LED | 1400X900 | 60HZ | 80/80/80/80 | 5MS | TN | 250CD/M2",0,2356.20,2917.20
"MONITOR:19"" PROVISION LED MONITOR","PROVISION D01LED19H 19"" LED MONITOR I W/HDMI I 1920X1080 I VGA,HDMI | 6 MONTHS WARRANTY | 1 WEEK...",1,2236.30,2744.55
"MONITOR:22"" GOMA LED MONITOR","GOMA G2150HD 22"" LED MONITOR I TN PANEL I VGA,HDMI I 1920X1080FHD",2,3531.00,4012.50
"MONITOR:22"" VA2223-H VIEWSONIC 1080P","VIEWSONIC VA2223-H 22"" 1080P HDMI AND VGA INPUT VESA MOUNTABLE | 1 YEAR WARRANTY | 1 WEEK OUTRIG...",1,4876.20,5327.70
"MONITOR:24 INCHES IP24V1 IPS NVISION","NVISION 24"" IP2V1 IPS | 1920X1080 FHD | 75HZ | 23.8"" | 5MS | 300CD/M2 | 3000:1",0,5445.30,6016.92
"MONITOR:24 INCHES XC24S V3 BLK NVISION","NVISION 24"" XC24S V3 CURVED BLACK | 1920X1080 FHD | 75HZ | 5MS | 3000R | HDMI, VGA | VERSION 3",0,4449.465,5072.82
"MONITOR:24"" 75HZ IPS FUZION WIDE LED","21.5"" FUZION WIDE LED SCREEN 75HZ..(FN-22EL) 6 MONTHS WARRANTY|  3 DAYS REPLACEMENT ONLY",0,4620.00,4956.00
"MONITOR:24"" GT24MV IPS NVISION","NVISION GT24MV IPS 24"" FLAT144HZ FHD GAMING MONITOR|1920X1080|5MS/HDMI DP,USB, FREESYNC",0,7487.64,8042.28
"MONITOR:24"" NOVUS 24UMPH 24 INCH LED","NOVUS 24UMPH 24 INCH LED MONITOR | FRAMELESS | 60HZ | LED 1920X1080 | MOUNTABLE / VGA, HDMI | 6 ...",0,5551.20,5962.40
"MONITOR:27"" IN27C18 WHITE NVISION","NVISION IN27C18 CURVE 75HZ 27"" WHITE GAMING MONITOR",0,7279.65,8042.28
"MOTHERBOARD:A320M-HDV ASROCK","ASROCK A320M-HDV | SOCKET AM4 | DDR4 3200+ (OC) (RYZEN CPU) / 2400 (A-SERIES APU) | HDMI, DVI-D,...",0,2195.55,3380.00
"MOTHERBOARD:A320M-K PRO YV14 COLORFUL","COLORFUL A320M-K PRO YV14 | AM4 | DUAL DDR4 | 1*HDMI & VGA | UEFI BIOS | 4*USB 3.0",0,2565.00,3091.40
"MOTHERBOARD:A320M-S2H GIGABYTE","GIGABYTE A320M-S2H | AM4 | DUAL DDR4 | HDMI, DVI-D, D-SUB | 1*M.2 | SUPPORTS RYZEN & ATHLON SERI...",1,2750.00,3404.76
"MOTHERBOARD:A320M A-PRO MSI","MSI A320M A-PRO | RYZEN 3000 DESKTOP READY | SOCKET AM4 | PCI EXPRESS 3.0 | DIRECTX 12 READY | D...",0,2502.00,3002.40
"MOTHERBOARD:A320M EMX-A320M EMAXX GAMING","EMAXX EMX-A320M GAMING AMD A320 CHIPSET, 2XDDR4 UP TO 2667+ ONBOARD 8 CHANNEL HD AUDIO",0,2565.00,3055.00
"MOTHERBOARD:B450 AORUS M GIGABYTE","GIGABYTE B450 AORUS M | AM4 | 4*DDR4 2-CH | 1*M.2 | HDMI, DVI-D | SUPPORTS RYZEN & ATHLON SERIES...",0,6366.60,7598.00
"MOTHERBOARD:B450 GIGABYTE S2H V2","GIGABYTE B450S2H V2 AMD SOCKET AM4 2 DDR4 2-CH/ PCI-EX 16/MICRO ATX USB 3.1 GEN 1/ M.2 SOCKET 3 ...",0,4121.25,4631.50
"MOTHERBOARD:B450M-HD BATTLE-AX V14 COLORFUL","COLORFUL B450M-HD BATTLE-AX V14 | AM4 | DUAL DDR4 | HDMI, DVI-D, D-SUB | 1*M.2 | MICRO-ATX",0,3996.00,4440.00
"MOTHERBOARD:B450M GIGABYTE DS3H V2","GIGABYTE GA- B450M - DS3H- V2 SOCKET AM4 DDR4 MATX MOTHERBOARD |1 YEAR WARRANTY | 1 WEEK REPLACE...",0,4232.80,4617.60
"MOTHERBOARD:B450M PRO-VDH MAX MSI","MSI B450M PRO-VDH MAX | AM4 | PCI EXPRESS 3.0 | DVI-D, HDMI, VGA | 4*DDR4 DUAL CHANNEL UP TO 346...",0,3982.68,4617.60
"MOTHERBOARD:B550 GIGABYTE  GAMING X","GIGABYTE B550 GAMING X GAMING MOTHERBOARD | 1 YEAR WARRANTY | 1 WEEK REPLACEMENT",1,8048.56,8500.00
"MOTHERBOARD:B550M MAG BAZOOKA MSI","MSI MAG B550M BAZOOKA | AM4 | 4*DDR4-4400(OC) DUAL CHANNEL | 1*M.2 | NVME SSD READY | PCIE 4.0 R...",1,7301.925,8183.80
"MOTHERBOARD:B550M MSI PRO-VDH WIFI","MSI B550M PRO-VDH WIFI MOTHERBOARD AM4 | 1 YEAR WARRANTY | 1 WEEK REPLACEMENT",1,7198.36,7660.64
"MOTHERBOARD:FM2A68M-DG3+ ASROCK","ASROCK FM2A68M-DG3+ | FM2 100W | FM2+ 95W | A68H (BOLTON-D2H) | 2*DDR3 2400+(OC) | D-SUB, DVI-D ...",2,2239.44429,2994.08573
"MOTHERBOARD:GIGABYTE PRO B450 AUROS","GIGABYTE B450 AUROS PRO WIFI MATX GAMING AM4 DDR4 MOTHERBOARD",0,6879.60,7600.32
"MOTHERBOARD:H310M-H GIGABYTE 2.0 INTEL","Gigabyte GA-H310M-H 2.0 Intel H310 Ultra Durable motherboard | 6 MONTHS WARRANTY | 1 MONTH REPLA...",2,3135.00,3705.00
"MOTHERBOARD:MSI B450M PRO M2","MSI B450M PRO - M2 MAX SOCKET AM4 MOTHERBOARD",0,3889.60,4243.20
"MOTHERBOARD:MSI PRO-VH A320- PLUS SOCKET","MSI A320M PRO-PLUS SOCKET AM4 DDR4 MOTHERBOARD] 1 YEAR WARRANTY]15 DAYS OUTRIGHT REPLACEMENT",2,2784.60,3303.30
"MOUSE:PENBLE PB-60","PENBLE PB-60 SUNPLUS 169A IC RED LED DPI 800-1200-2000-3200 5M TIMES LIFE TIME GAMING MOUSE",2,288.00,330.00
"MOUSEPAD:ASSORTED MOUSE PAD","ASSORTED MOUSE PAD | NO WARRANTY",4,13.20,18.00
"MOUSEPAD:L11 MOUSE PAD","L11 MOUSE PAD",0,30.80,42.00
"MOUSEPAD:RAZER BIG","RAZER BIG MOUSEPAD",5,58.50,65.00
"MOUSEPAD:RAZER SMALL","RAZER SMALL MOUSEPAD",1,22.00,35.00
"POWER SUPPLY:450W CV450 80+ BRONZE CORSAIR","CORSAIR CV450 450W 80+ BRONZE CERTIFIED |  ATX V2.31",1,2750.00,3310.19
"POWER SUPPLY:500 WATTS DARKFLASH 6","500 WATTS DARKFLASH 6 POWER SUPPLY | 6 MONTHS WARRANTY | 1 WEEK REPLACEMENT",0,1575.00,2025.00
"POWER SUPPLY:500W AVR SECURE","AVR SECURE 500W",9,212.30,289.50
"POWER SUPPLY:500W FUZION TRUE RATED","500 WATTS FUZION TRUE RATED POWER SUPPLY | 3 MONTHS WARRANTY | 3 DAYS REPLACEMENT ONLY",3,1100.00,1680.00
"POWER SUPPLY:500W GS500 80 PLUS HUNTKEY","HUNTKEY 500 WATTS GS500 80 PLUS CERTIFIED",0,1845.00,2332.80
"POWER SUPPLY:500W TRUE RATED 2ND HAND","SECOND HAND 500 WATTS TRUE RATED POWER SUPPLY",1,495.00,652.50
"POWER SUPPLY:500W X-POWER 80 PLUS XIGMATEK","XIGMATEK X-POWER 500 WATTS 80 PLUS | OVP, OPP, UVP",0,2268.00,2835.00
"POWER SUPPLY:600 WATTS DARKFLASH 6","600 WATTS DARKFLASH 6 POWER SUPPLY | 6 MONTHS WARRANTY | 1 WEEK REPLACEMENT",2,1925.00,2475.00
"POWER SUPPLY:600W GS600 80+ HUNTKEY","HUNTKEY GS600 600 WATTS 80+ CERTIFIED",0,2298.699,2947.05
"POWER SUPPLY:600W X-POWER 80+ XIGMATEK","XIGMATEK X-POWER 600W 80+ |  ATX12V 2.3",0,2430.00,2925.00
"POWER SUPPLY:650W GX-S 80+ GOLD COUGAR","COUGAR GX-S 650W 80+ GOLD CERTIFIED | ATX12V 2.3",0,3759.21,4284.00
"POWER SUPPLY:650W RED GENERIC PENBLE","PENBLE 650W RED GENERIC |  ATX 12V 2.2 | JUMBO FAN",0,585.00,652.50
"POWER SUPPLY:700 WATTS TEHI FUZION","TEHI FUZION 700 WATTS  BIG FAN / 1 YR WARRANTY/ 1 WEEK OUTRIGHT REPLACEMENT ONLY",3,415.80,549.00
"POWER SUPPLY:700W ELECTRON","700 WATTS ELECTRON POWER SUPPLY/..1 Week outright Replacement / 6 Months warrany",0,414.70,565.50
"POWER SUPPLY:700W GENERIC VALIANT","VALIANT 700W GENERIC",0,410.30,559.50
"POWER SUPPLY:700W GS700 80+ HUNTKEY","HUNTKEY 700W GS700 80+ CERTIFIED | 12V",0,2726.19,3424.20
"POWER SUPPLY:700W IN200B COATED BLACK INPLAY","INPLAY 700W IN200B COATED BLACK POWER SUPPLY UNIT",0,408.10,556.50
"POWER SUPPLY:COOLER MASTER WHITE 500W 230V","COOLER MASTER WHITE 500W 230V 80 PLUS STANDARD 230V EU CERTIFIED POWER SUPPLY",1,2211.69,2790.45
"POWER SUPPLY:REDRAGON RGPS-500W","REDRAGON RGPS-500W GAMING PSU",0,1925.00,2598.75
"PRINTER:EPSON L3110 ECO TANK ALL IN ONE","EPSON L3110 ECO TANK ALL IN ONE | PRINT, SCAN, COPY | MAX A4, LETTER | 300X300 DPI | COLOUR, BLK...",1,8046.00,8948.57
"PRINTER:HP SMART TANK 515 WIRELESS","HP SMART TANK 515 WIRELESS ALL-IN-ONE | PRINT, SCAN, COPY | HP THERMAL INKJET | 216 x 297MM MAX ...",0,8502.12,9876.20
"PROCESSOR:A6-7480 APU AMD","AMD APU A6-7480 W/ RADEON R5 GRAPHICS | 3.8GHZ MAX, 1MB CACHE | 8 CORES (2 CPU + 6 GPU) | FM2+ |...",2,1715.70,2205.90
"PROCESSOR:A8-7680 APU AMD","AMD APU A8-7680 W/ RADEON R7 GRAPHICS | 3.8GHZ MAX, 2MB CACHE | 10 CORES (4 CPU + 8 GPU) | FM2+ ...",0,2198.70,2826.90
"PROCESSOR:ATHLON 200GE AMD","AMD ATHLON 200GE WITH RADEON VEGA 3 GRAPHICS 2 CORES, 4 THREADS PROCESSOR 3.2 GHZ CLOCK FREQUENC...",4,3084.40,3645.20
"PROCESSOR:ATHLON 3000G AMD","AMD ATHLON 3000G W/ RADEON VEGA 3 GRAPHICS | 2 CORES, 4 THREADS | 3.5GHZ BASE | 5MB CACHE, UNLOC...",1,3437.50,3906.25
"PROCESSOR:INTEL CORE I3 10TH GEN BUNDLE","INTEL CORE  i3-10100 BOX 10TH GEN PROCESSOR 6M CACHE UP TO 4.30 GHz | 1 YEAR WARRANTY | 1 WEEK O...",0,11128.00,11856.00
"PROCESSOR:INTEL i3-9100","Intel� Core� i3-9100 Processor 4 Cores 4 Threads 3.60-4.20ghz DDR4-2400 | 6 MONTHS WARRANTY | 1 ...",2,7357.50,7830.00
"PROCESSOR:INTEL I5-9400","Intel� Core� i5-9400 Processor 9M CACHE, UP TO 4.10GHZ 2.90-4.10GHZ DDR4-2666 INTEL UHD GRAPHICS...",0,9018.00,9602.50
"PROCESSOR:RYZEN 3 2200G AMD","AMD RYZEN 3 2200G W/ RADEON VEGA 8 GRAPHICS | 4 CORES | 3.5GHZ BASE | 3.7GHZ MAX | 6MB SMART PRE...",0,4590.00,5217.96
"PROCESSOR:RYZEN 3 3200G AMD","AMD RYZEN 3 3200G W/ RADEON VEGA 8 GRAPHICS | 4 CORES, 4 THREADS | 3.6GHZ BASE | 4.0GHZ MAX | 6M...",0,7938.00,8526.00
"PROCESSOR:RYZEN 3 3200G TRAY TYPE","RYZEN 3 3200G TRAY TYPE] VEGA 8 GRAPHICS] 4 CORE ] 4 THREAD] 4.0 GHZ MAX BOOST",0,6211.80,6862.56
"PROCESSOR:RYZEN 3100 AMD","AMD RYZEN 3 3100 3.9GHZ 65W QUAD CORE AM4 PROCESSOR | 1 YEAR WARRANTY 1WEEK OUTRIGHT REPLACEMENT...",0,5887.35,6504.12
"PROCESSOR:RYZEN 5 2400G AMD","AMD RYZEN 5 2400G W/ RADEON RX VEGA 11 GRAPHICS | 4 CORES, 8 THREADS | 3.6GHZ BASE | 3.9 GHZ MAX...",0,7233.84,7769.68
"PROCESSOR:RYZEN 5 2600 AMD","AMD RYZEN 5 2600 | 6 CORES, 12 THREADS | 3.4GHZ BASE | 3.9GHZ MAX | 19MB SMART PREFETCH CACHE, U...",0,7200.00,8689.95
"PROCESSOR:RYZEN 5 3400G AMD","AMD RYZEN 5 3400G W/ RADEON VEGA 11 GRAPHICS | 4 CORES, 8 THREADS | 3.7GHZ BASE | 4.2GHZ MAX | 6...",0,9672.80,10396.00
"PROCESSOR:RYZEN 5 3600 AMD","AMD RYZEN 5 3600 | 6 CORES, 12 THREADS | 3.6GHZ BASE | 4.2GHZ MAX | 35MB CACHE, UNLOCKED | AM4 |...",0,10772.76,11377.46
"RAM:16GB(2X8) DDR4-3200  AVEXIR","AVEXIR 16GB DDR4 3200MHZ CORE 2 (AVD4UZ332001608G -2C2C)",0,4712.04,5196.46
"RAM:16GB(2X8) DDR4-3200 BLK CRUCIAL","CRUCIAL BALLISTIX RGB 16GB KIT 2X8GB DDR4-3200 BLACK 1.35V | BL2K8G32C16URBL",0,4380.48,4908.80
"RAM:16GB(2X8) DDR4-3200 TG DARK Z","TEAM GROUP DARK Z 2X8GB 3200MHZ DDR4 |GRAY | (TDZGD416G3200HC16CDC01) | NON-RGB | 6 MONTHS WARRA...",2,4896.10,5252.18
"RAM:4GB DDR3-1600 SKIHOTAR","SKIHOTAR 4GB DDR3-1600 1.5V CL11 SM3MJ8M3B04A11600CG",1,801.90,943.80
"RAM:8GB AVEXIR AVD4UZ","AVEXIR AVD4UZ326661908G-1COR 8GB DDR4-2666C19 1.2V",1,2244.00,2754.00
"RAM:8GB DDR3-1600 AVEXIR","AVEXIR 8GB DDR3-1600 C11 1.5V AVD3U16001108G-1BW",0,1522.61,1921.05
"RAM:8GB DDR3-1600 SKIHOTAR","SKIHOTAR 8GB DDR3 1600MHZ DESKTOP MEMORY",2,1497.10,1837.35
"RAM:8GB DDR4-2666 HYPER-X KINGSTON","KINGSTON 8GB DDR4 2666MHZ KHX426C16FB3/8 HYPER-X FURY BLACK",0,2007.18,2730.11
"RAM:8GB DDR4-2666 KIMTIGO","KIMTIGO 8GB DDR4-2666 2RX8 PC4-21300U-19 (KMKU8G868-2666V)",2,2112.18,2664.90
"RAM:8GB DDR4-2666 RAMSTA","RAMSTA 8GB DDR4 2666MHZ MEMORY",0,2057.00,2524.50
"RAM:8GB DDR4-2666 RGB AVEXIR","AVEXIR 8GB DDR4-2666 RGB CL 19-19-19-43 1.2V AVD4UZ326661908G-1C2A | AURA SYNC | CORE 2 | SPECTRUM",0,1884.60,2355.75
"RAM:8GB DDR4-3000 ZEUS TEAMGROUP","TEAMGROUP ZEUS 8GB DDR4-3000 CL16-18-18-38 1.35V TTZD48G3000HC16C01",0,1752.66,2022.30
"RAM:8GB SKIHOTAR DDR4","8GB SKIHOTAR DDR4 2666MHZ/ 6 MONTHS Warranty",0,2038.30,2502.90
"SPEAKER:INPLAY MS003 WHITE","INPLAY MS003 WHITE MINI SPEAKER | ULTRA LIGHT WEIGHT DESIGN | HIGH RESOLUTION AUDIO | W/ RGB LIGHT",6,384.75,427.50
"SPEAKER:KEYTECH S10 BLACK","KEYTECH S10 MINI SPEAKER BLACK",1,240.90,328.50
"SPEAKER:KEYTECH S10 PINK","KEYTECH S10 MINI SPEAKER PINK",2,240.90,328.50
"SPEAKER:KEYTECH S10 RED","KEYTECH S10 MINI SPEAKER RED",2,240.90,328.50
"SPEAKER:KEYTECH S10 WHITE","KEYTECH S10 MINI SPEAKER WHITE",1,240.90,328.50
"SPEAKER:REDRAGON GS550 ORPHEUS","REDRAGON ORPHEUS GS550 SPEAKER",3,605.00,786.50
"SSD:120GB AS340 PANTHER APACER","APACER 120GB AS340 PANTHER 2.5"" SATA III 6GB/S",0,1134.00,1360.80
"SSD:120GB KINGSTON A400","KINGSTON 120GB A400 SATA 3 2.5 SA400S37/120G INTERNAL SSD",0,1343.10,1648.35
"SSD:120GB KTA-300 KIMTIGO","KIMTIGO 120GB KTA-300 2.5"" SATA III 6GB/S | ULTRA FAST | NOISELESS | LIGHT | LOW POWER CONSUMPTION",0,1091.61,1306.20
"SSD:120GB WD GREEN","120GB WESTERN DIGITAL GREEN NANO SSD | WD5120G2G0A | 1 YEAR WARRANTY | 1 WEEK OUTRIGHT REPLACEMENT",3,1502.60,1844.10
"SSD:240 GB KIMTIGO KTA-300","240 GB KIMTIGO KTA- 300 2.5 SATA 3 | 6 GB/S 1 YEAR WARRANTY| 1..WEEK OUTRIGHT REPLACEMENT",0,1662.78,2097.90
"SSD:240GB A320 SKIHOTAR","SKIHOTAR 240GB A320 2.5"" SATA III 6GB/S",0,1411.30,1949.40
"SSD:240GB A400 KINGSTON","KINGSTON A400 240GB SA400S37/240G 2.5 SATA III INTERNAL SSD",1,1766.60,2197.80
"SSD:480GB WD GREEN WESTERN DIGITAL","WESTERN DIGITAL WD GREEN 480GB 2.5"" / 7MM SATA III 6GB/S | WDS480G2G0A",0,3186.00,3531.60
"SSD:HIKVISION HS-SSD-C100/240G","HIKVISION HS-SSD-C100/240G HIKVISION HS-SSD-C100/240G",0,1871.10,2296.35
"SSD:LEXAR NS10 LITE 120GB SSD","LEXAR NS10 LITE 120GB SSD",0,1210.00,1485.00
"SURGE PROTECTOR:6 SOCKETS HUNTKEY SZM604-4 6","HUNTKEY SZM604-4 6 SOCKETS 2 METERS POWER EXTENSION",1,363.60,585.80
"SURGE PROTECTOR:HUNTKEY SZM304-4 3 SOCKETS","HUNTKEY SZM304-4 3 SOCKETS 1.5 METERS SURGE PROTECTOR | OVERLOAD PROTECTION | MAX2500W-MAX10A, 2...",2,308.70,358.50
"THERMAL PASTE:DEEPCOOL Z3 SILVER GRAY","DEEPCOOL Z3 SILVER GRAY THERMAL PASTE",0,135.00,150.00
"UPS:650VA SECURE","SECURE 650VA 6-30 MINUTES RUNNING TIME 4 SOCKETS | 220VAC | 50HZ - 60HZ",0,1575.00,1944.00
"USB BLUETOOTH ADAPTER:BLUETOOTH CSR 4.0 DONGLE","BLUETOOTH CSR 4.0 DONGLE | PLUG & PLAY | 3MBPS",3,132.00,210.00
"USB HUB:ORICO W6PH4 4 PORTS","ORICO W6PH4 HUB 4 PORTS | 0.3M USB3.0 CORD | ABS | 4 SUPER SPEED USB3.0 Ports",1,403.20,480.00
"USB HUB:USB HUB 3.0/3.1 - CARD READER","USB HUB 3.0/3.1- CARD READER TYPE C",1,378.00,450.00
"USB WIFI ADAPTER:150MBPS BL-WN151 LB-LINK","LB-LINK BL-WN151 150MBPS WIRELESS N USB ADAPTER",9,165.00,255.68
"USB WIFI ADAPTER:150MBPS CF-WU815N COMFAST","COMFAST CF-WU815N 150MBPS USB WIFI RECEIVER AUTO INSTALL",2,165.00,262.50
"USB WIFI ADAPTER:300MBPS TL-WN822N TP-LINK","TP-LINK TL-WN822N 300MBPS HIGH GAIN WIFI USB ADAPTER DUAL ANTENNA / 1.5 M EXTENSION CABLE",1,855.00,1142.40
"WEBCAM:1080P COOLPRO M207 30FPS W/ MIC","1080P COOLPRO M207 30FPS W/ MIC",9,671.00,854.00
"WEBCAM:1080P FHD C1080E INPLAY","INPLAY C1080E FHD 1080P HD | USB 2.0 | HIGH-SPEED | BUILT-IN NOISE ISOLATING MICROPHONE | PLUG &...",0,849.285,999.57
"WEBCAM:480P PK-835G A4TECH","A4TECH PK-835G 480P 16MP ANTI GLARE CLIP | 30FPS | USB 2.0 | COATING LENS | FIXED FOCUS | W/ MIC...",1,648.00,786.50
"WEBCAM:720P REDRAGON GW600","REDRAGON GW600 FOBOS 720P 30FPS WEBCAM | 3 MONTHS WARRANTY | 1 WEEK OUTRIGHT REPLACEMENT ONLY",2,1188.00,1458.00
"WEBCAM:GSOU T16S WITH LED 1080P","GSOU T16S WITH LED 1080P 30FPS FULL HD WITH BUILT IN MICROPHONE 1 MOTH WARRANTY 3 DAYS OUTHRIGHT...",0,1123.10,1378.35
"WEBCAM:INTELLIGENT EG-173 PC CAMERA","INTELLIGENT MGLE EG-173 STAND WEB CAMERA",7,303.75,375.00
