"Item","Description","Quantity","Cost","BranchCost","Price"
"ACCESSORIES:200MHZ FJ-2002 2 VGA SPLITTER","200MHZ 2 PORTS VGA SPLITTER FJ-2002..",3,180.00,198,270.00
"ACCESSORIES:AMP RJ45 CONNECTOR","AMP RJ45 CONNECTOR",2,280.00,308,420.00
"ACCESSORIES:DEEPCOOL Z3 THERMAL PASTE","DEEPCOOL Z3 THERMAL PASTE/ NO WARRANTY",1,100.00,110,150.00
"ACCESSORIES:FANTECH AC3001 HEADSET STAND","FANTECH AC3001 RED TOWER HEADSET STAND",0,586.00,644.6,837.98
"ACCESSORIES:FANTECH MPR350 AURORA","FANTECH MPR350 AURORA RGB GAMING | 15 DAYS WARRANTY",1,777.00,854.7,1087.80
"ACCESSORIES:HDMI BI-DIRECTION SWITCH FJ-HD2","HDMI BI-DIRECTION SWITCH FJ-HD201..",4,250.00,275,375.00
"ACCESSORIES:HDMI TO VGA CONVERTER","HDMI TO VGA CONVERTER / 1 WEEK WARRANTY ONLY",1,276.00,303.6,414.00
"ACCESSORIES:TP-LINK DECO M5","TP-LINK DECO M5 (1-PACK) AC1300 WHOLE HOME MESH WIFI SYSTEM | CONNECT OVER 100 DEVICES, DUALBAND...",0,3910.00,4301,4692.00
"ACCESSORIES:TP-LINK LB130 KASA LED BULB","TP-LINK LB130 KASA SMART WI-FI LED BULB W/ MILTI COLOUR | MANAGE REMOTELY | SAVE ENERGY | 6 MONT...",0,2173.00,2390.3,2933.55
"ACCESSORIES:TP-LINK PA7010P-KIT AV1000","TP-LINK PA7010P-KIT AV1000 GIGABIT PASSTHROUGH POWERLINE STARTER KIT | 6 MONTHS WTY | 15 DAYS OU...",0,3825.00,4207.5,4590.00
"ACCESSORIES:TP-LINK SMART WIFI SOCKET","TP-LINK TAPO P100 MINI SMART WI-FI SOCKET | REMOTE CONTROL | SCHEDULE & TIMER | VOICE CONTROL | ...",1,361.00,397.1,541.50
"ACCESSORIES:USB BLUETOOTH DONGLE 4.0","USB BLUETOOTH DONGLE 4.0",0,120.00,132,210.00
"ACCESSORIES:USB HUB / CARD READER TYPE C","USB HUB 3.0/3.1- CARD READER TYPE C|1 MONTH WARRANTY | 3 DAYS OUTRIGHT REPLACEMENT",1,300.00,330,450.00
"ACCESSORIES:USB HUB ORICO W6PH4 HUB 4 PORTS","ORICO W6PH4 HUB 4 PORTS | 1 MONTH WARRANTY | 3 DAYS OUTRIGHT REPLACEMENT",2,320.00,352,480.00
"ACCESSORIES:USB SOUND AUDIO CONTROLLER","USB SOUND AUDIO CONTROLLER/ 3D SOUND (AC-3) AND VIRTUAL 5.1 | 7 DAYS WARRANTY ONLY",4,88.00,96.8,132.00
"BUNDLE:INTEL CORE I3-10100 W/ MSI H410","INTEL CORE  i3-10100 BOX 10TH GEN PROCESSOR 6M CACHE UP TO 4.30 GHz | 1 YEAR WARRANTY | 1 WEEK O...",0,10400.00,11128,11856.00
"CABLES:24 PIN DEEPCOOL EC300 WHITE","DEEPCOOL EC300 24P WHITE 345X62X17MM 24 PINS EXTENSION TABLE |  1 MONTH WARRANTY | 7 DAYS OUTRIG...",3,560.00,616,800.80
"CABLES:24 PIN GENERIC PSU EXTENSION","24 PIN POWER EXTENSION CABLE  ATX PC PSU MALE & FEMALE PORT M/F EXPANDER 24.5 CM",0,96.00,105.6,144.00
"CABLES:4 PIN GENERIC PSU EXTENSION","4 PIN PSU  EXTENSION 20CM/ 8 INCH 12V MALE TO FEMALE PORT",0,65.00,71.5,97.50
"CABLES:CAT5E INTELLIGENT 305M UTP","CAT5E INTELLIGENT 305M UTP CABLE",0,1200.00,1320,1200.00
"CABLES:HDMI CABLE","HDMI CABLE 1.5 METERS",4,45.00,90.75,67.50
"CABLES:HEAVY DUTY POWER CORD 1.5M","HEAVY DUTY POWER CORD 1.5M/ 1 WEEK WARRANTY ONLY",51,25.00,66,37.50
"CABLES:POWER CORD CABLE","POWER CORD CABLE",26,30.00,33,45.00
"CABLES:VGA CABLE","Cable VGA To VGA Cord 1.5",41,45.00,52.8,84.00
"CASE FAN:12CM*1 ADLINK BLACK","ADLINK 12CM BLACK SINGLE FAN",29,50.00,55,80.00
"CASE FAN:12CM*1 DARKFLASH D1 RAINBOW","DARKFLASH D1 12CM RAINBOW FAN",0,169.00,185.9,253.50
"CASE FAN:12CM*1 GSTORM BLAZE BLUE","GSTORM BLAZE 12CM BLUE FAN",3,120.00,132,185.00
"CASE FAN:12CM*1 GSTORM BLAZE ICE BLUE","GSTORM BLAZE 12CM ICE BLUE FAN",-1,120.00,132,185.00
"CASE FAN:12CM*1 GSTORM BLAZE RED","GSTORM BLAZE 12CM RED FAN",5,120.00,132,185.00
"CASE FAN:12CM*1 GSTORM BLAZE RGB","GSTORM BLAZE 12CM RGB FAN",1,120.00,132,185.00
"CASE FAN:12CM*1 GSTORM LED LIGHT NEON","GSTORM 15 12CM LED LIGHT NEON QUITE CLEAR COOLER FAN",0,130.00,143,195.00
"CASE FAN:12CM*1 INPLAY DIAMOND M30 RGB","INPLAY DIAMOND M30 12CM RGB FAN",0,161.00,177.1,241.50
"CASE FAN:12CM*1 INPLAY ICE RGB","INPLAY ICE ONE SINGLE RGB FAN/ 6 MONTHS WARRANTY/ 1 WEEK OUTRIGHT REPLACEMENT ONLY",0,160.00,176,240.00
"CASE FAN:12CM*1 INPLAY UFO RGB","INPLAY UFO RGB SINGLE FAN 1 X 120MM FAN/ 6 MONTHS WARRANTY ONLY",0,101.00,111.1,176.75
"CASE FAN:12CM*3 DEEPCOOL RF120FS","DEEPCOOL RF120FS 3IN1 LED TRICOLOR FAN I W/ HUB I 4PIN PWM",0,689.00,757.9,985.27
"CASE FAN:12CM*3 INPLAY ICE TOWER RGB","INPLAY ICE TOWER 12CM 3 FAN KIT RGB WITH FAN HUB & REMOTE/ 6 MONTHS WARRANTY ONLY",11,616.00,727.1,880.88
"CASE FAN:12CM*3 INPLAY UFO RGB","INPLAY UFO 12CM RGB 3 IN 1 FAN KIT/ 3X 120MM FAN/ 6 MONTHS WARRANTY ONLY",6,303.00,333.3,500.00
"CASE FAN:12CM*3 KEYTECH GALAXY X3 ARGB","KEYTECH GALAXY X3 ARGB 3 IN 1 COOLING FAN MUSIC SYNC GAMING FAN",1,668.00,734.8,955.24
"CASE FAN:12CM*3 KEYTECH STORM X3 MUSIC","KEYTECH STORM X3 ARGB COOLING FANS 3 IN 1 MUSIC SYNC GAMING FAN | 12CM*3 | 6 PIN CONNECTOR | ARG...",0,648.00,712.8,926.64
"CASE FAN:12CM*3 KEYTECH STORM X3 PRO","KEYTECH STORM X3 PRO ARGB COOLING FANS 3 IN 1 GAMING FAN | 12CM*3 | 6 PIN CONNECTOR | ARGB LIGHT...",0,648.00,712.8,926.64
"CASE FAN:8CM*1 ADLINK BLACK","ADLINK 8CM BLACK SINGLE FAN",0,35.00,38.5,52.50
"CASE FAN:8CM*1 GENERIC LED FAN","GENERIC FAN 80CM LED FAN",1,75.00,82.5,112.50
"CASE W/ PSU:FUZION MINI ATX | 165 -22","FUZION MINI ATX ACRYLIC SIDE WITH 700 WATTS POWER SUPPLY | 2X RGB FAN | 165 -22 | 1 MONTH WARRAN...",8,1200.00,1320,1620.00
"CASE W/ PSU:FUZION MINI ATX CASE | 275-D001","FUZION MINI ATX CASE WITH 700 WATTS POWER SUPPLY | 275-D001 | 1 MONTH WARRANTY ON ELECTRONICS PA...",0,750.00,825,1072.50
"CASE W/ PSU:FUZION PINK HELA SERIES","FUZION HELA SERIES ATX TEMPERED GLASS GAMING CASE | PINK | CP01 | WITH 700 WATTS POWER SUPPLY | ...",3,2050.00,2255,2767.50
"CCTV:DAHUA 8CH KIT DH-KIT/XVR5108HS-","DAHUA 8CH KIT DH-KIT/XVR5108HS-2MP 4PCS DOME & 4 PCS BULLET 8PCS(18M) COAXIAL CABLE 2PC 1:4 SPLI...",0,10034.00,10736.38,11438.76
"CCTV:DAHUA DH-KIT/XVR4108C-S2","DAHUA DH-KIT/XVR4108C-S2 8PCS(BULLET 1MP) 8PCS(18M COXIAL CABLE) 1PC(8WAY CABLE | 1YR WTY | 1MON...",0,6409.00,6921.72,7434.44
"CCTV:DAHUA DH-KIT/XVR5104HS-X1","Dahua DH-KIT/XVR5104HS-X1 4PVS (BULLET 2MP) 4PCS ( 18M COXIAL CABLE) 1PC ( 4WAY CABLE) | 1YR WTY...",0,5971.00,6448.68,6926.36
"CCTV:DAHUA DHI-LTV55-SA400 55"" UHD 4","DAHUA DHI-LTV55-SA400 55"" UHD 4K RESOLUTION 3840X2160 SMART TV",0,18550.00,19477.5,20776.00
"CCTV:DVR HIKVISION  DS-7204HGHI-F1","HIKVISION  DS-7204HGHI-F1 720P 4CHANNEL HDTVI/ANALOG/AHD DVR",0,1260.00,1386,1701.00
"CCTV:HIKVISION 4CH KIT TVI","HIKVISION 4CH KIT TVI-4CH2D2B- 1 MP 2PCS DOME & 2 PCS BULLET 4 PCS (18m) COAXIAL CABLE 1PC 1:4 S...",0,4288.00,4631.04,5059.84
"CCTV:HIKVISION 8CH KIT TVI","HIKVISION 8CH KIT TVI-8CH4D4B- 2MP 4PCS DOME & 4PCS BULLET 8PCS(18cm)COAXIAL CABLE 1PC 1:4 SPLIT...",0,10098.00,10804.86,11511.72
"CCTV:HIKVISION TVI-4CH2D2B-5MP","HIKVISION TVI-4CH2D2B-5MP 4 CH. 2 DOME 2 BULLET 5MP | 1 YR WTY 1 MONTH REPLACEMENT",0,8369.00,8954.83,9624.35
"CCTV:HIKVISION TVI-8CH4D4B-5MP HDTVI","HIKVISION TVI-8CH4D4B-5MP HDTVI 5 MP KIT 1 YR WTY 1 MONTH REPLACEMENT",0,14346.00,15206.76,16067.52
"CCTV:UNIVIEW KIT301","UNIVIEW KIT301 | UVKIT NVR301-04LB-P4 POE | 4 PCS 2MP BULLET IPC 2122LR3-PF40-D POE | 1YR WTY",0,9719.00,10399.33,11176.85
"CHASSIS:COOLMAN ARMOR BLACK","COOLMAN ARMOR BLACK",0,1231.00,1354.1,1661.85
"CHASSIS:COOLMAN ARMOR WHITE","COOLMAN ARMOR WHITE",0,1518.00,1669.8,2049.30
"CHASSIS:COOLMAN AURORA WHITE MESH","COOLMAN STREAMER BLACK ATX GAMING CASE | RGB STRIP FRONT PANEL | TEMPERED GLASS SIDE PANEL | 3.5...",0,1930.00,2123,2605.50
"CHASSIS:COOLMAN STREAMER BLACK","COOLMAN STREAMER BLACK ATX GAMING CASE | RGB STRIP FRONT PANEL | TEMPERED GLASS SIDE PANEL | 3.5...",1,1438.00,1581.8,1941.30
"CHASSIS:COOLMAN STREAMER WHITE","COOLMAN STREAMER WHITE ATX GAMING CASE | RGB STRIP FRONT PANEL | TEMPERED GLASS SIDE PANEL | 3.5...",0,1438.00,1581.8,1941.30
"CHASSIS:DARKFLASH DLM21 BLACK","DARKFLASH DLM21 BLACK | 3 DAYS WARRANTY ON ELECTRONICS PARTS WITH BOX",1,1766.00,1942.6,2384.10
"CHASSIS:DARKFLASH DLM21 PINK","DARKFLASH DLM21 PINK CABINET TYPE TEMPERED GLASS | 1 MONTH WARRANTY ON ELECTRONIC PARTS ONLY",0,1873.00,2060.3,2528.55
"CHASSIS:DARKFLASH DLM22 PINK","DARKFLASH DLM22 PINK GAMING CASE M-ATX 4MM TEMPERED GLASS DOOR OPENING SIDE PANEL WITH MAGNETIC ...",0,1925.00,2117.5,2598.75
"CHASSIS:DARKFLASH DLM22 TIFANY BLUE","DARKFLASH DLM22 TIFANY BLUE GAMING CASE M-ATX 4MM TEMPERED GLASS DOOR OPENING SIDE PANEL WITH MA...",1,1925.00,2117.5,2598.75
"CHASSIS:DARKFLASH DLM23 BLACK","DARKFLASH DLM23 BLACK CABINET TYPE TEMPERED SIDE PANEL | 7 DAYS OUTRIGHT REPLACEMENT ONLY",2,1873.00,2060.3,2528.55
"CHASSIS:DARKFLASH DLM23 WHITE","DARKFLASH DLM23 WHITE | 3 DAYS WARRANTY ON ELECTRONICS PARTS WITH BOX",0,1980.00,2178,2673.00
"CHASSIS:DARKFLASH POLLUX BLACK MESH","DARKFLASH POLLUX BLACK MESH FRONT TEMPERED SIDE PANEL W/ 2PCS 14MM RAINBOW FAN",1,1766.00,1942.6,2384.10
"CHASSIS:DARKFLASH POLLUX WHITE MESH","DARKFLASH POLLUX WHITE TEMPERED SIDE PANEL WITH 2X 140MM FRONT RAINBOW FAN",0,1873.00,2060.3,2528.55
"CHASSIS:DARKFLASH WATER SQUARE 5","DARKFLASH WATER SQUARE 5 TEMPERED FRONT AND SIDE WITH 3PCS RGB FAN | 1 MONTH WARRANTY ON ELECTRO...",1,1766.00,1942.6,2384.10
"CHASSIS:DEEPCOOL MATREXX 55 MESH","DEEPCOOL MATREXX 55 MESH ADD-RGB 4F",0,3750.00,4125,4500.00
"CHASSIS:FUZION Z-001 TEMPERED GLASS","Z-001 FUZION REGULAR ATX TEMPERED GLASS W/PSU 700W AND 3x RGB FAN",3,1750.00,1925,2362.50
"CHASSIS:GAMEKM ICE DRILL BLACK","GAMEKM ICE DRILL BLACK MID TOWER GAMING CASE | ATX, MATX, MITX | TEMPERED GLASS SIDE PANEL | MES...",0,1039.50,1143.45,1403.33
"CHASSIS:GAMEKM ICE DRILL PINK","GAMEKM ICE DRILL PINK MID TOWER GAMING CASE | ATX, MATX, MITX | TEMPERED GLASS SIDE PANEL | MESH...",0,998.00,1097.8,1397.20
"CHASSIS:GAMEKM ICE DRILL WHITE","GAMEKM ICE DRILL WHITE MID TOWER GAMING CASE | ATX, MATX, MITX | TEMPERED GLASS SIDE PANEL | MES...",0,998.00,1097.8,1397.20
"CHASSIS:GSTORM HONEYCOMB","GSTORM HONEYCOMB MATX | 1 MONTH WARRANTY ON ELECTRONIC PARTS ONLY | 1 WEEK OUTRIGHT REPLACEMENT",0,720.00,792,1029.60
"CHASSIS:GSTORM MI-A2","GSTORM MI-A2 ACRYLIC SIDE PANEL | BLACK | IRON NET FRONT | MATX, MITX | NO FAN INCLUDED | 1 MONT...",0,509.00,559.9,727.87
"CHASSIS:GSTORM MI-A3","G-STORM MI-A3/ ACRYLIC SIDE PANEL/ BLACK/ IRON NET FRONT/ MATXT,MITXT/ NO FAN INCLUDED/ 1 MONTH ...",0,530.00,583,757.90
"CHASSIS:INPLAY ESPORT 02 BLACK","INPLAY ESPORT 02 BLACK RGB STRIP FITS TO ATX, MICRO ATX, MINI ATX | 1 MONTH WARRANTY | 1 WEEK OU...",0,1081.00,1189.1,1459.35
"CHASSIS:INPLAY ESPORT 03 PINK","INPLAY ESPORT 03 PINK TEMPERED SIDE PANEL W/ RGB STRIP FITS ATX, MICRO ATX, MINI ATX,  | 1 MONTH...",0,1034.00,1137.4,1395.90
"CHASSIS:INPLAY ESPORT 06 BLACK","INPLAY ESPORT 06 BLACK | E-ATX, MICRO ATX | TEMPERED SIDE PANEL | W/ LED | 1 MONTH WARRANTY | 3 ...",0,1078.00,1185.8,1455.30
"CHASSIS:INPLAY ESPORT 06 PINK","INPLAY ESPORT 06 PINK | E-ATX, MICRO ATX | TEMPERED SIDE PANEL | W/ LED | 1 MONTH WARRANTY | 3 D...",2,1149.00,1263.9,1551.15
"CHASSIS:INPLAY ESPORT 06 WHITE","INPLAY ESPORT 06 WHITE | E-ATX, MICRO ATX | TEMPERED SIDE PANEL | W/ LED | 1 MONTH WARRANTY | 3 ...",0,1149.00,1263.9,1551.15
"CHASSIS:INPLAY LITE X1","INPLAY LITE X1 PC CASE/ 1 MONTH WARRANTY ON ELECTRONIC PARTS ONLY",6,313.00,344.3,453.85
"CHASSIS:INPLAY METEOR 01","INPLAY METEOR 01 | ATX, MICRO ATX, MINI ITX | TEMEPERED GLASS SIDE PANEL & FRONT | 12CM*6 | 2*HD...",0,705.00,775.5,1008.15
"CHASSIS:INPLAY METEOR 03 WHITE","INPLAY METEOR 03 WHITE TEMPERED SIDE PANEL FITS RO ATX, MICRO ATX, MINI ATX NO FAN | 1 MONTH WAR...",0,1137.00,1250.7,1534.95
"CHASSIS:INPLAY METEOR 05","INPLAY METEOR 05 I ATX,MATX,MITX I TEMPERED SIDE PANEL I MESH FRONT",0,931.00,1024.1,1303.40
"CHASSIS:INPLAY WIND 01","INPLAY WIND 01 |  ACRYLIC SIDE PANEL | HONEYCOMB DESIGN | MICRO ATX | MINI-ITX | 2X120MM | 1X80M...",0,524.00,576.4,749.32
"CHASSIS:INPLAY WIND 02","INPLAY WIND 02 |  ACRYLIC SIDE PANEL PC CASE | 1 MONTH WARRANTY  1 WEEK OUTRIGHT REPLACEMENT ONLY",0,513.00,564.3,733.59
"CHASSIS:INTELLIGENT 5508 BLACK","INTELLIGENT 5508 BLACK MID-TOWER GAMING TEMPERED GLASS CASE W/ 700 WATTS 8CM FAN",0,1925.00,2117.5,2598.75
"CHASSIS:KEYTECH T1000","KEYTECH T1000 WITH 4 PCS RGB FAN | TEMPERED SIDE PANEL | ATX, MATX, MINI ITXT | 1 MONTH WARRANTY...",0,1431.00,1574.1,1931.85
"CHASSIS:KEYTECH T850","KEYTECH T850 TEMPERED GLASS GAMING CASE",0,954.00,1049.4,1335.60
"CHASSIS:MSI MAG VAMPIRIC 100R","MSI MAG VAMPIRIC 100R ARGB FLOW TEMPERED SIDE PANEL MID TOWER CASE | 1 MONTH WARRANTY ON ELECTRO...",1,2889.00,3177.9,3755.70
"CHASSIS:NEUTRON ODESSY","NEUTRON ODESSY 165-2 CASE ONLY | NO POWER SUPPLY | 3 DAYS TESTING ELECTRICAL WARRANTY",0,385.00,423.5,577.50
"CHASSIS:NOVUS VERTEX 910","NOVUS VERTEX 910 DESKTOP CASE",0,534.00,587.4,763.62
"CHASSIS:NOVUS VERTEX 920","VERTEX 920 DESKTOP CASE 7 DAYS WARRANTY ON ELECTRONICS PARTS ONLY",0,534.00,587.4,763.62
"CHASSIS:NOVUS VERTEX 950","NOVUS VERTEX 950 | ACRYLIC SIDE PANEL | FIT TO ATX TO MATX | 2*HDD, 2*SSD, 1*FDD, 2*CD | W/ 3PCS...",0,798.00,877.8,1117.20
"CHASSIS:RAKK ANYAG TEMPERED WHITE Gamin","RAKK ANYAG TEMPERED WHITE Gaming Case FROST",1,1272.00,1717.20,1717.20
"CHASSIS:SHARKOON TG4","SHARKOON TG4 RGB ATX GAMING CASE | MINI-ITX, MICRO-ATX, ATX | 3X120MM RGB FAN, 1X120MM RGB FAN I...",0,2729.00,3001.9,3547.70
"CHASSIS:VIKINGS SHIELD VK-S23","VIKINGS SHIELD VKS-23 RGB W/ 3 12CM FAN GAMING TEMPERED GLASS HIGH END CASE | 1 YEAR WARRANTY",0,2530.00,2783,3289.00
"CHASSIS:VIKINGS SHIELD VK-S30","VIKING VS-S30 HIGH END CASE W/ 3 RGB COOLING FAN | 1 YEAR WARRANTY",1,2530.00,2783,3289.00
"COMPUTER TABLE:CT 01872","CT 01872 120X40 COMPUTER TABLE",1,1100.00,1210,1485.00
"COMPUTER TABLE:KENSONIC TC-6810 COMPUTER TABLE","KENSONIC TC-6810 COMPUTER TABLE | 1WEEK WARRANTY ON PARTS ONLY",0,935.00,1028.5,1309.00
"CPU COOLER:INPLAY AIO ICE 120 BLACK","INPLAY ICE 120 BLACK ARGB LIQUID COOLING FAN / 1 MONTH WARRANTY 1 WEEK OUTRIGHT REPLACEMENT",1,1332.00,1465.2,1798.20
"CPU COOLER:INPLAY AIO ICE 240 BLACK","INPLAY AIO 240 ARGB BLACK LIQUID COOLING FAN / 1 MONTH WARRANTY 1 WEEK OUTRIGHT REPLACEMENT",0,1865.00,2051.5,2517.75
"CPU COOLER:INPLAY AIO ICE 240 WHITE","INPLAY AIO ICE 240 WHITE ARGB LIQUID COOLING FAN / 1 MONTH WARRANTY 1 WEEK OUTRIGHT REPLACEMENT",0,2047.50,2252.25,2764.13
"CPU COOLER:PC COOLER E126MR","PC COOLER E126MR 92W CPU COOLER | RED | 15 DAYS WARRANTY | 3 DAYS OUTRIGHT REPLACEMENT",0,253.00,253,379.50
"FLASH DRIVE:16GB SANDISK OTG TRANSPARENT","SANDISK SDDD3-016G-G46 OTG 16GB TRANSPARENT",5,242.00,266.2,363.00
"FLASH DRIVE:32GB SANDISK OTG WHITE","SANDISK SDDD2-032G-GAM46W/USB 3.0 OTG 32GB WHITE",5,311.00,342.1,450.95
"GAMING CHAIR:AEROCOOL THUNDERX3 BC5","AEROCOOL THUNDERX3 BC5",0,8284.00,8863.88,9526.60
"GAMING CHAIR:DAWN BLACK PINK","DAWN BLACK PINK GAMING CHAIR",0,6140.00,6631.2,7122.40
"GAMING CHAIR:NIGHTFALL PINK WHITE","NIGHTFALL PINK WHITE GAMING CHAIR",0,3340.00,3674,4008.00
"GAMING CHAIR:NOVUS CGW-100RD","NOVUS CGW-100RD COLOR RED/ BLACK GAMING CHAIR | 1 WEEK WARRANTY ON PARTS ONLY",0,3283.00,3611.3,4103.75
"GAMING CHAIR:NOVUS CGW-501RD W/  FOOTREST","NOVUS CGW-501RD COLOR RED/ BLACK WITH FOOTREST 90-135 DEGREE RECLINING GAMING CHAIR | 1 WEEK WAR...",0,4620.00,4989.6,5451.60
"GAMING TABLE:INPLAY T1 RGB GAMING TABLE","INPLAY T1 RGB GAMING TABLE | BLACK |126 x 66 x 60 CM |1 MONTH WARRANTY | 1 WEEK OUTRIGHT REPLACE...",2,3815.00,4196.5,4578.00
"GAMING TABLE:VIKINGS YGGDRASIL YELLOW","VIKINGS YGGDRASIL YELLOW GAMING TABLE SIZE 136X60X74 CM DOUBLE - SIDED CARBON FIBER / 15 DAYS WA...",0,5500.00,5940,6380.00
"GAMING TABLE:Z-A COMPUTER TABLE","INTELLEGENT Z-A TABL Z-A COMPUTER TABLE WITH LIGHT/ 73CM*60CM*140CM",0,5096.00,5503.68,5911.36
"GRAPHICS CARD:ASUS GTX1050 TI 4GB PHOENIX","ASUS PH GTX 1050Ti PHOENIX 4GB DDR5 128 BIT | SINGLE FAN | AUTO EXTREME | 1 YEAR WARRANTY | 1 WE...",0,7367.00,7956.36,8545.72
"GRAPHICS CARD:ASUS RTX 2060 EVO OC DUAL","ASUS RTX 2060 EVO OC DUAL I 6GB GDDR6  ITWEAK II I ANSEL",0,27611.00,30372.10,30372.10
"GRAPHICS CARD:ASUS RX5500 XT 8GB ROG STRIX","ASUS ROG STRIX RX5500XT 8GB GAMING/DUAL FAN/GDDR6 128BIT/ AURASYNC | 1 YEAR WARRANTY 1 WEEK..OUT...",1,12439.00,13185.34,18658.50
"GRAPHICS CARD:ASUS RX5600 XT 6GB ROG STRIX","5600XT-T6-GAMING GDDR6 192BIT / TRIPPLE FAN/ AURA SYNC/ RGB | 1 YEAR WARRANTY 1 WEEK OUTRIGHT RE...",0,17544.00,18421.2,20175.60
"GRAPHICS CARD:BIOSTAR RX570 8GB GAMING","BIOSTAR RX570 8GB GAMING",0,12059.00,12782.54,13747.26
"GRAPHICS CARD:COLORFUL GT710 2GB","2GB COLORFUL GT710 VGA  | 1 YEAR WARRANTY",1,2500.00,2750,3250.00
"GRAPHICS CARD:GIGABYTE GF210 1GB","1GB GIGABYTE GF210 DDR3 64 BIT",1,2350.00,2585,3055.00
"GRAPHICS CARD:GIGABYTE RX580 8GB","GIGABYTE RX580 GAMING (REV 2.0) 8GB AMD RADEON DDR5 256 BIT HDMI-DP",0,10850.00,11609.5,12369.00
"GRAPHICS CARD:INNO3D GTX1050 TI 4GB TWIN","INNO3D GTX1050TI 4 GB 128 BIT TWIN X2/ 1 YEAR WARRANTY | 1 WEEK OUTRIGHT REPLACEMENT",0,5828.00,6294.24,6760.48
"GRAPHICS CARD:MSI GTX1050 TI 4GB","MSI GEFORCE GTX 1050 Ti 4GT 4GB OCV1 GDDR5 128-BIT DISPLAY PORT / HDMI / DL-DVI-D",0,8112.00,8679.84,9328.80
"GRAPHICS CARD:MSI GTX1660 TI 6GB AERO ITX","MSI GEFORCE� GTX 1660 Ti AERO ITX 6G OC 192 BIT VIDEO CARD | 2 YEARS WARRANTY | 1 WEEK OUTRIGHT ...",0,14739.00,15623.34,17244.63
"GRAPHICS CARD:MSI RX570 8GB","MSI RADEON RX570 8GB OC",0,9000.00,9450,10350.00
"GRAPHICS CARD:MSI RX570 8GB ARMOR","MSI RADEON RX570 ARMOR 8G OC READY GDDR5X | 2 YEARS WARRANTY | 1  MONTH OUTRIGHT REPLACEMENT",0,14420.00,15285.2,16150.40
"GRAPHICS CARD:PALIT GTX1650 4GB GAMING PRO","PALIT GEFORCE GTX1650 GAMING PRO 4GB GDDR6 128 BIT  | 1 YEAR WARRANTY | 1WEEK OUTRIGHT REPLACEME...",0,7738.00,8357.04,9053.46
"GRAPHICS CARD:PALIT GTX1650 4GB STORM X","PALIT GEFORCE GTX1650 STORM X 4GB GDDR6 128 BIT | 1 YEAR WARRANTY | 1 WEEK OUTRIGHT REPLACEMENT ...",0,7313.00,7898.04,8556.21
"GRAPHICS CARD:POWERCOLOR RED DRAGON RX550 4GB","POWERCOLOR RED DRAGON PC AXRX550 4GBD5-DH I 4GB DDR5 I SINGLE FAN I 128BIT I 2 YEARS WARRANTY 1 ...",0,7918.00,8709.8,9105.70
"GRAPHICS CARD:RTX3070 ASUS TUF OC 8GB","ASUS TUF RTX3070 OC I 8GB GDDR6 I AURA SYNC I TRIPPLE FAN I 256BIT| RECOMMENDED PSU 750W | 1 YEA...",0,46731.00,54645.80,54645.80
"GRAPHICS CARD:RTX3070 GAMING OC 8GB GIGABYTE","GIGABYTE GV-N3070GAMING OC-8GD GEFORCE RTX 3070 GAMING OC 8GB PCIE 4.0 256BIT, 1815 MHZ CLOCK | ...",0,68400.00,78000.00,78000.00
"HDD:1TB SEAGATE BARRACUDA","SEAGATE 1TB ST1000DM010 BARACUDA 7200 SATA 3.5 HDD | 15 MOS WARRANTY | 1MONTH REPLACEMENT | NO B...",0,1961.00,2157.1,2647.35
"HDD:1TB TOSHIBA","TOSHIBA PC P300 1TB 7200RPM 84MB SATA",0,1859.00,2044.9,2509.65
"HDD:500GB HITACHI DISTRO","500 GB  HITACHI DESKTOP DISTRO 3.5 SATA  | 1 YEAR WARRANTY",0,1050.00,1155,1417.50
"HDD:500GB SEAGATE DISTRO","500GB SEAGATE DISTRO 3.5/ 7200RPM | 6 MONTHS WARRANTY",1,1150.00,1265,1552.50
"HDD:500GB SEAGATE PIPELINE","500GB SEAGATE ST3500414CS INTERNAL HDD PIPELINE | 3 MONTHS WARRANTY | 1 WEEK OUTRIGHT REPLACEMENT",2,603.00,663.3,862.29
"HDD:500GB WESTERN DIGITAL","500GB WD WD500AAJS 3.5 DISTRO SATA HDD 7200RPM | 6 MONTHS WARRANTY",0,990.00,1089,1386.00
"HDD:500GB WESTERN DIGITAL GREEN","500GB WD WD5000AUDX | 5900 RPM 32 MB 3.5 SATA  |3 MONTHS WARRANTY | 1 3 DAYS OUTRIGHT REPLACEMENT",23,682.00,723.8,940.94
"HEADPHONES:A4TECH HEADSET HS-28","A4TECH HEADSET HS-28 COMFORT FIT BLACK",0,409.00,449.9,593.05
"HEADPHONES:A4TECH HEADSET HS-7P","A4TECH HEADSET HS-7P COMFORT FIT STEREO HEADSET JACK PLUG",0,365.00,401.5,547.50
"HEADPHONES:INPLAY H2","INPLAY H2 RGB HEADSET | 3 MONTHS WARRANTY ONLY",2,157.00,172.7,235.50
"HEADPHONES:INPLAY HN620 NOISE CANCELLING","INPLAY HN620 NOISE CANCELLING | 3 MONTHS WARRANTY | 1 WEEK OUTRIGHT REPLACEMENT",0,567.00,623.7,810.81
"HEADPHONES:INTELLIGENT H-08INT","INTELLIGENT H-08INT HEADSET | 1 MONTH WARRANTY",1,240.00,264,360.00
"HEADPHONES:RAKK DAGUOB RED","RAKK DAGUOB RED ILLUMINATED GAMING HEADSET | 1 MONTH WARRANTY | 1 WEEK OUTRIGHT REPLACEMENT ONLY",0,390.00,429,585.00
"HEADPHONES:REDRAGON H120 ARES","REDRAGON ARES H120 GAMING HEADSET | HIGHLY ADJUSTABLE NOISE CANCELLING MICROPHONE FOR OPTIMIZED ...",7,360.00,396,540.00
"KEYBOARD:A4TECH KRS-83 BLACK","A4TECH KRS-83 USB BLACK NATURAL A KEYBOARD",4,380.00,418,570.00
"KEYBOARD:ABKO K550 RGB MECHANICAL","ABKO K550 RGB MECHANICAL KEYBOARD",0,1800.00,1980,2430.00
"KEYBOARD:DELUX GAME TITAN T9U","DELUX GAME TITAN T9U WIRED SINGLE HAND GAMING KEYPAD BLUE COLOR BACKLIGHT | 15 DAYS WARRANTY | 1...",0,893.00,982.3,1250.20
"KEYBOARD:DELUX T9X WIRED MECHANICAL","DELUX T9X WIRED MECHANICAL SINGLE HANDED GAMING KEYPAD 4 MACRO SIDE KEYS | 1 YR WTY | 15 DAYS OU...",0,1733.00,1906.3,2339.55
"KEYBOARD:HP GK400Y KEYBOARD","HP GK400Y RAINBOW BACKLIT (SILVER) MECHANICAL GAMING KEYBOARD | 6 MONTHS WARRANTY | 1 WEEK OUTRI...",0,1404.00,1544.4,1895.40
"KEYBOARD:MSI VIGOR GK60 CR","MSI VIGOR GK60 CR CHERRY MX RED SWITCH GAMING KEYBOARD | 1 YR WTY | 1 WEEK REPLACEMENT",1,4095.00,4422.6,4832.10
"KEYBOARD:PENBLE PB-5000","PENBLE PB-5000 | 19 KEYS NO CONFLICT RED LED GAMING KEYBOARD W/ METAL PANEL SIDE",1,380.00,418,570.00
"KEYBOARD & MOUSE:A4TECH KRS-8372 PS2 COMBO","A4TECH KRS-8372 PS2 COMBO | 9 MONTHS WARRANTY",0,550.00,605,786.50
"KEYBOARD & MOUSE:BLACK IT&T KEYBOARD/MOUSE BUNDL","DD-959 BLACK IT&T DD-959 KEYBOARD AND MOUSE COMBO WITH LED I BLACK I  1 MONTH WARRANTY | 1 WEEK ...",3,264.00,290.4,396.00
"KEYBOARD & MOUSE:DELUX K6005U+M331BU","DELUX K6005U+M331BU OFFICE KEYBOARD AND MOUSE BUNDLE | LASER GRAVED | 15 DAYS WARRANTY | 3 DAYE ...",0,312.00,343.2,468.00
"KEYBOARD & MOUSE:INPLAY STX200","INPLAY STX200 WIRED KEYBOARD & MOUSE W/ RAINBOW BACKLIGHT | 3 MONTHS WARRANTY 1 WEEK OUTRIGHT RE...",2,219.00,240.9,328.50
"KEYBOARD & MOUSE:INPLAY STX240 BLACK  RGB COMBO","INPLAY STX 240 BLACK COMBO | KEYBOARD, MOUSE, HEADSET | 1 MONTH WARRANTY | 3 DAYS OUTRIGHT REPLA...",1,439.00,482.9,636.55
"KEYBOARD & MOUSE:INPLAY STX360","INPLAY STX360 WIRED KEYBOARD & MOUSE W/ RAINBOW BACKLIGHT | 3 MONTHS WARRANTY 1 WEEK OUTRIGHT RE...",7,258.00,283.8,387.00
"KEYBOARD & MOUSE:INPLAY STX520 DARK KNIGHT","INPLAY STX520 DARK KNIGHT | SUSPENSION KEYCAPESS | WIRED KEYBOARD & MOUSE W/ RAINBOW BACKLIGHT |...",0,405.00,445.5,587.25
"KEYBOARD & MOUSE:INPLAY STX540 BLACK","INPLAY STX540 BLACK 4 IN 1 COMBO GAMING KEYBOARD, MOUSE, HEADSET, EXTENDED MOUSEPAD | METAL FRAM...",0,968.00,1064.8,1355.20
"KEYBOARD & MOUSE:INPLAY STX540 PINK","INPLAY STX540 PINK 4 IN 1 COMBO GAMING KEYBOARD, MOUSE, HEADSET, EXTENDED MOUSEPAD | METAL FRAME...",0,1027.40,1130.14,1386.99
"KEYBOARD & MOUSE:INPLAY STX540 WHITE","INPLAY STX540 WHITE 4 IN 1 COMBO GAMING KEYBOARD, MOUSE, HEADSET, EXTENDED MOUSEPAD | METAL FRAM...",0,1027.40,1130.14,1386.99
"KEYBOARD & MOUSE:KEYTECH K-516 RAINBOW BACKLIGHT","KEYTECH K-516 RAINBOW BACKLIGHT | 9 MONTHS WARRANTY",0,350.00,385,525.00
"KEYBOARD & MOUSE:NEUTRON C-23 COMBO","NEUTRON C-23 COMBO USB 2.0 KEYBOARD & MOUSE | 9 MONTHS WARRANTY",8,380.00,418,551.00
"KEYBOARD & MOUSE:OFFICE DAZZLE G21 FASHION","G21 FASHION OFFICE DAZZLE COLOR USB COMBO KEYBOARD & MOUSE",0,300.00,330,450.00
"KEYBOARD & MOUSE:RAKK APTAS V2 KEYBOARD & MOUSE","RAKK APTAS V2  KEYBOARD & MOUSE USB BUNDLE | 3 MONTHS WARRANTY | 1 WEEK OUTRIGHT REPLACEMENT ONLY",1,363.00,399.3,526.35
"KEYBOARD & MOUSE:REDRAGON S101-3","REDRAGON S101-3 WIRED GAMING KEYBOARD & MOUSE COMBO W/ RGB BACKLIGHT",3,900.00,990,1260.00
"KEYBOARD & MOUSE:REDRAGON S101-BA","REDRAGON S101- BA - 2 KEYBOARD + MOUSE + HEADSET + MOUSEPAD",0,1610.00,1771,2173.50
"KEYBOARD & MOUSE:REDRAGON S107","REDRAGON S107 3 IN 1 GAMING ESSENTIALS KEYBOARD MOUSE AND MOUSEPAD",0,1050.00,1155,1417.50
"KMHM BUNDLE","KEYBOARD/ MOUSE/ HEADSET/ MOUSE PAD",0,650.00,929.50,929.50
"KMHM BUNDLE:4 IN 1 CLEVER BUNDLE","4 IN 1 FUZION KEYBOARD/ MOUSE/ HEADSET/ MOUSE PAD BUNDLE | CP01 | 1 MONTH WARRANTY | 3 DAYS REPL...",4,650.00,715,929.50
"MONITOR:18.5"" 65HZ G1850HD GOMA LED","GOMA G1850HD 18.5"" LED MONITOR | 65HZ FLAT | 5MS | HDMI, VGA | 1 YEAR WARRANTY 1 WEEK OUTRIGHT R...",1,2185.00,2403.5,2949.75
"MONITOR:18.5"" HP P19B G4 LED","HP 18.5"" P19B G4 LED DIAGONAL WXGA | 1366X768 | 16:9 | 5MS | HDMI, VGA | ANTI-REFLECTIVE | BLUE ...",0,2968.00,3264.8,3858.40
"MONITOR:19"" KINGDOM 1901F LED","19"" KINGDOM LED Kingdom1901F 1366 * 768P HD 60Hz 4ms 16.7m 16:9",0,2250.00,2475,3037.50
"MONITOR:19"" NVISION N190 LED","NVISION N190 19"" LED | 1400X900 | 60HZ | 80/80/80/80 | 5MS | TN | 250CD/M2/ 1 YEAR WARRANTY | 1 ...",0,2142.00,2356.2,2784.60
"MONITOR:19"" PROVISION LED MONITOR","PROVISION D01LED19H 19"" LED MONITOR I W/HDMI I 1920X1080 I VGA,HDMI | 6 MONTHS WARRANTY | 1 WEEK...",2,2033.00,2236.3,2744.55
"MONITOR:20"" NVISION N200 HD","NVISION N200 HD 20"" HDMI/VGA LED MONITOR 1400 x 900 WALLMOUNTABLE 1 YEAR WARRANTY | 1 WEEK OUTRI...",1,1975.00,2172.5,2666.25
"MONITOR:21.5"" FUZION WIDE LED SCREEN 75","21.5"" FUZION WIDE LED SCREEN 75HZ..(FN-22EL) 6 MONTHS WARRANTY|  3 DAYS REPLACEMENT ONLY",0,3225.00,3547.5,4031.25
"MONITOR:21.5"" PHILIPS - BLACK MONITOR","PHILIPS 221V9/93 BLACK 21.5"" FULL HD 1920 X 1080 | FRAMELESS | HDMI | WVA | LOW BLUE MODE | 6 MO...",0,4556.00,4966.04,5376.08
"MONITOR:22"" GOMA LED MONITOR","GOMA G2150HD 22"" LED MONITOR I TN PANEL I VGA,HDMI I 1920X1080FHD",5,3210.00,3531,4012.50
"MONITOR:22"" VIEW SONIC VA2223-H","VIEWSONIC VA2223-H 22"" 1080P HDMI AND VGA INPUT VESA MOUNTABLE | 1 YEAR WARRANTY | 1 WEEK OUTRIG...",2,4515.00,4876.2,5327.70
"MONITOR:24"" DELL P2419H","DELL P2419H 24"" 1920 X 1080 AT 60HZ MONITOR BUILT WITH AN ULTRATHIN BEZEL DESIGN | 1 YR WTY | 1 ...",0,10250.00,10762.5,11685.00
"MONITOR:24"" IPS FUZION WIDE LED 75HZ","24"" IPS FUZION WIDE LED 75HZ..(FN-24EL) 6 MONTHS WARRANTY | 3 DAYS REPLACEMENT ONLY",0,4200.00,4620,4956.00
"MONITOR:24"" NOVUS LED MONITOR","NOVUS 24UMPH 24 INCH LED MONITOR | FRAMELESS | 60HZ | LED 1920X1080 | MOUNTABLE /VGA, HDMI | 6 M...",0,5140.00,5551.2,5962.40
"MONITOR:24"" NVISION GT24MV IPS 24"" FLAT","NVISION GT24MV IPS 24"" FLAT 144HZ FHD GAMING MONITOR | 1920 X 1080 | 5MS/HDMI, DP, USB/ FREESYNC...",0,6933.00,7487.64,8042.28
"MONITOR:24"" NVISION IP24V1 IPS","NVISION 24"" IP2V1 IPS | 1920X1080 FHD | 75HZ | 23.8"" | 5MS | 300CD/M2 | 3000:1 | 1 YEAR WARRANTY...",0,5187.00,5601.96,6016.92
"MONITOR:24"" NVISION XC24C BLK","NVISION XC24C 24"" BLACK 75Hz CURVED 3000R GAMING MONITOR / 1 YEAR WARRANTY",2,4301.00,4642.92,5075.18
"MONITOR:24"" NVISION XC24S V3 BLK","NVISION 24"" XC24S V3 CURVED BLACK | 1920X1080 FHD | 75HZ | 5MS | 3000R | HDMI, VGA | VERSION 3 |...",0,4299.00,4642.92,5072.82
"MONITOR:24"" NVISION XC24S WHITE","NVISION XC24S 24"" White 75Hz Curved 3000R GAMING MONITOR | 1 YEAR WARRANTY | 1 WEEK OUTRIGHT REP...",0,4010.00,4330.8,4731.80
"MONITOR:24"" QNIX CURVED WHITE","24"" QNIX CURVED WHITE 75 Hz  HDR MONITOR (WHITE) WITH SPEAKER | 1 YEAR WARRANTY",0,5400.00,5832,6264.00
"MONITOR:24.5"" GIGABYTE AORUS","GIGABYTE AORUS GP-KD25F-AP 24.5IN 1920X1080 240HZ FREESYNC/GSYNC MONITOR | 1 YR WTY | 1 WEEK REP...",0,28325.00,29458,31440.75
"MONITOR:27"" MSI OPTIX G27C5 CURVED","MSI OPTIX G27C5 CURVE MONITOR/ 1500r/ 165HZ/178 DEGREES WIDE ANGLE / ADJUSTABLE STAND",1,13000.00,13650,14820.00
"MONITOR:27"" NVISION IN27C18 CURVED","NVISION IN27C18 CURVE 75HZ 27"" WHITE MONITOR/ 1 YEAR WARRANTY",0,6933.00,7487.64,8042.28
"MOTHERBOARD:A320M ASROCK HDV","ASROCK A320M-HDV | SOCKET AM4 | DDR4 3200+ (OC) (RYZEN CPU) / 2400 (A-SERIES APU) | HDMI, DVI-D,...",0,2600.00,2860,3380.00
"MOTHERBOARD:A320M BIOSTAR","BIOSTAR A320MH SOCKET AM4 | 1 YEAR WARRANTY 1 WEEK OUTRIGHT REPLACEMENT",1,2387.00,2625.7,3103.10
"MOTHERBOARD:A320M COLORFUL PRO YV14","COLORFUL A320M-K PRO YV14 | AM4 | DUAL DDR4 | 1*HDMI & VGA | UEFI BIOS | 4*USB 3.0 | 1 YEAR WARR...",0,2378.00,2615.8,3091.40
"MOTHERBOARD:A320M EMAXX","EMAXX EMX - A320M GAMING AMD A320 CHIPSET, 2XDDR4 UP TO 2667+ ONBOARD 8 CHANNEL HD AUDIO",0,2350.00,2585,3055.00
"MOTHERBOARD:A320M GIGABYTE","GIGABYTE GA - A320MH | 1 YEAR WARRANTY",0,3050.00,3355,3812.50
"MOTHERBOARD:A320M GIGABYTE S2H","GIGABYTE A320M-S2H | AM4 | DUAL DDR4 | HDMI, DVI-D, D-SUB | 1*M.2 | SUPPORTS RYZEN & ATHLON SERI...",2,2500.00,2750,3250.00
"MOTHERBOARD:A320M GIGABYTE S2H V2","GIGABYTE GA - A320M - S2H V2  AMD AM4 2-CH/ PCI-EX 16/ MICRO ATX USB 3.1 GEN 1/m.2 SOCKET 3 HD A...",1,2525.00,2777.5,3282.50
"MOTHERBOARD:A320M MSI A-PRO","MSI A320M-A PRO SUPPORTS 1ST, 2ND, 3RD GEN /AMD RYZEN/ AMD A320 CHIPSET| 1 YEAR WARRANTY 1 MONTH...",0,2224.00,2446.4,3002.40
"MOTHERBOARD:A320M MSI PRO-E","MSI A320M PRO-E AMD SOCKET AM4 MOTHERBOARD",1,2415.00,2656.5,3139.50
"MOTHERBOARD:A320M MSI PRO-VH PLUS","MSI A320M PRO - PLUS SOCKET AM4 DDR4 MOTHERBOARD | 1 YEAR WARRANTY | 15 DAYS OUTRIGHT REPLACEMENT",12,2541.00,2795.1,3303.30
"MOTHERBOARD:B365M GIGABYTE D3H INTEL BASE","GIGABYTE B365M D3H INTEL BASE MOTHERBOARD | 1 YR WTY | 1 WEEK OUTRIGHT REPLACEMENT",0,4264.00,4605.12,5031.52
"MOTHERBOARD:B365M MSI MAG MORTAR","MSI MAG B365M MORTAR INTEL B365 CHIPSET MOTHERBOARD | 1 YR WTY | 1 WEEK OUTRIGHT REPLACEMENT",0,4524.00,4885.92,5338.32
"MOTHERBOARD:B450I MSI GAMING PLUS AC","MSI B450I GAMING PLUS AC/AM4/ DP, HDMI/ MINI ITX / 1 YEARS WARRANTY 1 WEEK OUTRIGHT REPLACEMENT",1,6188.00,6683.04,7178.08
"MOTHERBOARD:B450M ASUS PRIME A 2","ASUS B450 PRIME B450M-A || AM4 DDR4 32MB BIOS MICRO ATX/ AURA SYNC/ 1 YEAR WARRANTY 1 WEEK OUTRI...",0,4033.00,4355.64,4758.94
"MOTHERBOARD:B450M ASUS TUF PRO","ASUS B450M - PRO TUF GAMING MOTHERBOARD",0,6010.00,6490.8,6971.60
"MOTHERBOARD:B450M COLORFUL BATTLE-AX V14","COLORFUL B450M-HD BATTLE-AX V14 | AM4 | DUAL DDR4 | HDMI, DVI-D, D-SUB | 1*M.2 | MICRO-ATX | 1 Y...",3,4070.00,4070,4884.00
"MOTHERBOARD:B450M GIGABYTE AORUS ELITE","GIGABYTE GA - B450 AORUS ELITE",1,6550.00,7074,7598.00
"MOTHERBOARD:B450M GIGABYTE AORUS M","GIGABYTE B450 AORUS M | AM4 | 4*DDR4 2-CH | 1*M.2 | HDMI, DVI-D | SUPPORTS RYZEN & ATHLON SERIES...",1,7074.00,7074,8205.84
"MOTHERBOARD:B450M GIGABYTE AORUS PRO","GIGABYTE B450 AORUS PRO (GA-B450-AORUS-PRO) MATX GAMING MOTHERBOARD DUAL M.2 | 1 YEAR WARRANTY |...",2,6026.00,6508.08,6990.16
"MOTHERBOARD:B450M GIGABYTE AORUS PRO WIFI","GIGABYTE B450 AORUS PRO WIFI MATX GAMING AM4 DDR4 MOTHERBOARD | 1 YEAR WARRANTY | 1 MONTH..REPLA...",0,6552.00,7076.16,7600.32
"MOTHERBOARD:B450M GIGABYTE DS3H V2","GIGABYTE GA- B450M - DS3H- V2 SOCKET AM4 DDR4 MATX MOTHERBOARD |1 YEAR WARRANTY | 1 WEEK REPLACE...",5,3848.00,4232.8,4617.60
"MOTHERBOARD:B450M GIGABYTE S2H V2","GIGABYTE B450M S2H V2 AMD SOCKET AM4 2 DDR4 2-CH/ PCI-EX 16/MICRO ATX USB 3.1 GEN 1/ M.2 SOCKET ...",0,3925.00,4317.5,4631.50
"MOTHERBOARD:B450M MSI GAMING PRO CARBON MAX","MSI B450 GAMING PRO CARBON MAX WIFI | 1YEAR | 1WEEK OUTRIGHT REPLACEMENT ONLY",0,6448.00,6963.84,7479.68
"MOTHERBOARD:B450M MSI MORTAR MAX","MSI MORTAR MAX B450M SUPPORTS 1ST, 2ND, 3RD GEN AMD RYZEN | 2 YEARS WARRANTY | 1 MONTH OUTRIGHT ...",1,4742.00,5121.36,5595.56
"MOTHERBOARD:B450M MSI PRO-M2 MAX","MSI B450M PRO - M2 MAX SOCKET AM4 MOTHERBOARD",1,3889.60,3889.6,4667.52
"MOTHERBOARD:B450M MSI PRO-VDH MAX","MSI B450M PRO-VDH MAX | AM4 | PCI EXPRESS 3.0 | DVI-D, HDMI, VGA | 4*DDR4 DUAL CHANNEL UP TO 346...",0,3848.00,4232.8,4617.60
"MOTHERBOARD:B460M ASROCK STEEL LEGEND","ASROCK B460M STEEL LEGEND (90-MXBDQ0-A0UAYZ) / HDMI DISPLAYPORT GRAPHICS OUTPUT / 2 YEARS WARRAN...",1,5717.00,6174.36,6631.72
"MOTHERBOARD:B460M MSI PRO VHD WIFI","MSI B460 PRO - VHD WIFI INTEL� B460 CHIPSET MOTHERBOARD | 2 YEARS WARRANTY | 1 WEEK OUTRIGHT REP...",0,5148.00,5559.84,5971.68
"MOTHERBOARD:B550 GIGABYTE  GAMING X","GIGABYTE B550 GAMING X GAMING MOTHERBOARD | 1 YEAR WARRANTY | 1 WEEK REPLACEMENT",0,7384.00,8048.56,8491.60
"MOTHERBOARD:B550M ASUS PRIME A","ASUS PRIME B550M - A  (RYZEN AM4) MICRO ATX MOTHERBOARD WITH DUAL  M.2, PCLE 4.0, INTEL� WiFi 6 ...",1,7500.00,8100,8625.00
"MOTHERBOARD:B550M MSI MAG BAZOOKA","MSI MAG B550M BAZOOKA | AM4 | 4*DDR4-4400(OC) DUAL CHANNEL | 1*M.2 | NVME SSD READY | PCIE 4.0 R...",1,6798.00,7409.82,7885.68
"MOTHERBOARD:B550M MSI MAG MORTAR","MSI MAG B550M MORTAR AMD AM4 DDR4 CF LIGHTING SUPPORTS AMD RYZEN 5000 & 3000 SERIES DESKTOP PROC...",1,7956.00,9608.6,9149.40
"MOTHERBOARD:B550M MSI PRO-VDH WIFI","MSI B550M PRO-VDH WIFI MOTHERBOARD AM4 | 1 YEAR WARRANTY | 1 WEEK REPLACEMENT",1,6604.00,7198.36,7660.64
"MOTHERBOARD:B550M PLUS ASUS TUF GAMING","ASUS TUF GAMING B550M-PLUS B550 (Ryzen AM4) micro ATX gaming motherboard with PCIe 4.0, dual M.2...",0,8700.00,9309,10005.00
"MOTHERBOARD:FM2 ASROCK FM2FM2A68M-DG3+","ASROCK FM2A68M-DG3+ | FM2 100W | FM2+ 95W | A68H (BOLTON-D2H) | 2*DDR3 2400+(OC) | D-SUB, DVI-D ...",1,2258.00,2483.8,2935.40
"MOTHERBOARD:FM2 GIGABYTE F2A68HM-S1","Gigabyte GA-F2A68HM-S1 FM2+DDR3 USB3 Mother Board / 2 YRS WARRANTY/ 1 MONTH OUTRIGHT REPLACEMENT...",0,2258.00,2483.8,2935.40
"MOTHERBOARD:H310M-H GIGABYTE 2.0 INTEL","Gigabyte GA-H310M-H 2.0 Intel H310 Ultra Durable motherboard | 6 MONTHS WARRANTY | 1 MONTH REPLA...",4,2850.00,3135,3705.00
"MOTHERBOARD:H470M DS3H GIGABYTE","GIGABYTE H470M DS3H with M.2 slots LGA1200 | 2years warranty | 1week outright replacement only",0,6477.00,7513.32,7513.32
"MOTHERBOARD:X570 MSI MPG GAMING EDGE WIFI","MSI MPG X570 GAMING EDGE WIFI | SUPPORT 2ND AND 3RD GEN | UP TO 4400+(OC) MHz | RAINBOW LED STRI...",0,10404.00,11132.28,11860.56
"MOTHERBOARD:X570 MSI MPG GAMING PLUS","MSI MPG X570 GAMING PLUS | RYZEN 2ND AND 3RD GEN AMD RYZEN | DDR4 | MYSTIC LIGHT | RAINBOW LED S...",0,9588.00,10259.16,11026.20
"MOUSE:A4Tech OP-620 PS2 Optical Mouse","A4Tech OP-620 PS2 Optical Mouse",4,200.00,220,300.00
"MOUSE:MSI CLUTCH GM20 ELITE GAMING","MSI CLUTCH GM20 ELITE GAMING MOUSE ( S12-0400D00-C54) / RGB MYSTIC LIGHT / USB 2.0 / 1 YR WTY 1 ...",1,1155.00,1270.5,1559.25
"MOUSE:PENBLE PB-60 MOUSE","PB-60 PENBLE MOUSE  SUNPLUS 169A IC RED LED DPI 800-1200-2000-3200 5M TIMES LIFE TIME",1,220.00,242,330.00
"MOUSE:RAKK DASIG RGB GAMING MOUSE","RAKK DASIG RGB ILLUMINATED GAMING MOUSE | 6 MONTHS WARRANTY | 1 WEEK OUTRIGHT REPLACEMENT ONLY",0,499.00,548.9,723.55
"MOUSEPAD:ASSORTED MOUSEPAD","ASSORTED MOUSEPAD",17,12.00,13.2,18.00
"MOUSEPAD:COUGAR ARENA X PINK","COUGAR ARENA X PINK 100 X 400 X 5MM GAMING MOUSEPAD",0,977.00,1074.7,1367.80
"MOUSEPAD:INPLAY EXTENDED MOUSEPAD","INPLAY EXTENDED MOUSEPAD 800X300MM",0,185.00,203.5,277.50
"MOUSEPAD:INPLAY L11 MOUSEPAD","L11 MOUSE PAD / NO WARRANTY",9,28.00,30.8,42.00
"MOUSEPAD:MP-60R BLOODY MOUSEPAD","MP-60R BLOODY RGB GAMING MOUSEPAD SIZE 354MM(L) 256MM(W) 2.6MM(H) | 1 MONTH WARRANTY | 1 WEEK OU...",1,830.00,913,1162.00
"MOUSEPAD:MSI AGILITY GD20 GAMING","MSI AGILITY GD20 GAMING MOUSEPAD 320MM(L) X 220MM(W) X 5MM(H) | 3 MONTHS WTY 1 WEEK REPLACEMENT",1,425.00,467.5,616.25
"MOUSEPAD:RAZER BIG MOUSE PAD","RAZER BIG MOUSE PAD",0,40.00,44,65.00
"MOUSEPAD:RAZER SMALL MOUSE PAD","RAZER SMALL MOUSE PAD",-3,20.00,22,35.00
"POWER STRIP:3 SOCKETS HUNTKEY SZM304-4","HUNTKEY SZM304-4 3 SOCKETS 1.5 METERS POWER STRIP 6 MONTHS WARRANTY 1 WEEK REPLACEMENT",1,239.00,262.9,358.50
"POWER STRIP:4 SOCKETS HUNTKEY SZM404-4","HUNTKEY SZM404-4 4 SOCKET POWER EXTENSION POWER STRIP/ 7 Days Replacement/ 1 Months Warranty",0,343.00,377.3,514.50
"POWER STRIP:6 SOCKETS HUNTKEY SZM604-4","HUNTKEY SZM604-4 6 SOCKETS 2 METERS POWER EXTENSION",12,404.00,363.6,585.80
"POWER SUPPLY:450W TR 80+B CORSAIR","CORSAIR 450 WATTS 80+BRONZE CERTIFIED PSU / 1 Yr. Warranty",0,2500.00,2750,3250.00
"POWER SUPPLY:500W AVR SECURE","AVR SECURE 500W",7,193.00,212.3,289.50
"POWER SUPPLY:500W FUZION TRUE RATED","500 WATTS FUZION TRUE RATED POWER SUPPLY | 3 MONTHS WARRANTY | 3 DAYS REPLACEMENT ONLY",1,1200.00,1100,1680.00
"POWER SUPPLY:500W TR 80+ COOLER MASTER WHITE","COOLER MASTER WHITE 500W 230V 80 PLUS STANDARD 230V EU CERTIFIED POWER SUPPLY | 2 YRS WTY | 1WK ...",0,2067.00,2273.7,2790.45
"POWER SUPPLY:500W TR 80+ HUNTKEY GS500","HUNTKEY GS500 MAX 500 WATTS POWER 80+ CERTIFIED/ 2 Years Warranty / 1 Month Replacement",0,1728.00,1900.8,2332.80
"POWER SUPPLY:500W TR 80+ XIGMATEK","500Watts Xigmatek X-Power 120mm Fan 80 Plus PSU ( 1 Yr. Warranty)",0,2100.00,2310,2835.00
"POWER SUPPLY:500W TR 80+B RAIDMAX RX-500AF","RAIDMAX RX-500AF 500W 80+BRONZE / 2 Yrs Warranty / 1 Week Outright Replacement Only",0,1795.00,1974.5,2423.25
"POWER SUPPLY:500W TR DARKFLASH","500 WATTS DARKFLASH POWER SUPPLY | 6 MONTHS WARRANTY | 1 WEEK REPLACEMENT",0,1500.00,1650,2025.00
"POWER SUPPLY:500W TR REDRAGON RGPS","REDRAGON RGPS-500W GAMING PSU..",0,1925.00,2117.5,2598.75
"POWER SUPPLY:500W TR SECOND HAND","500 WATTS TRUE RATED PSU - 2nd Hand (1 Week Warranty)",0,450.00,495,652.50
"POWER SUPPLY:550W TR 80+ COOLER MASTER WHITE","COOLER MASTER  MWE WHITE 230V 550WA/US CABLE (MPE-5501-ACABW-US) | 6 MONTHS WARRANTY | 15 DAYS O...",0,2173.00,2390.3,2933.55
"POWER SUPPLY:550W TR 80+G SEASONIC CORE","550Watts Seasonic SSR550LC Core Gold GC (1 Year Warranty)",0,3770.00,4147,4524.00
"POWER SUPPLY:600W TR 80+ XIGMATEK","XIGMATEK 600 WATTS 80 PLUS/ 1YR WARRANTY",0,2250.00,2475,2925.00
"POWER SUPPLY:600W TR DARKFLASH","600 WATTS DARKFLASH 6 POWER SUPPLY | 6 MONTHS WARRANTY | 1 WEEK REPLACEMENT",4,1750.00,1925,2362.50
"POWER SUPPLY:600W TR HUNTKEY GS600","HUNTKEY GS600 MAX 600 WATT POWER, 80 PLUS CERTIFIED | 1 YEAR WARRANTY 1 MONTH REPLACEMENT.",0,2183.00,2401.3,2947.05
"POWER SUPPLY:650W GEN PENBLE RED","650 Watts PENBLE ATX RED PSU JUMBO FAN",1,450.00,495,652.50
"POWER SUPPLY:650W TR 80+ CORSAIR","CORSAIR 650 WATTS 80+",0,3770.00,4147,4524.00
"POWER SUPPLY:650W TR 80+G COUGAR","COUGAR GX-650 80 PLUS GOLD/ 2yrs WARRANTY 1 WEEK OUTRIGHT REPLACEMENT",0,3570.00,3927,4284.00
"POWER SUPPLY:700 WATTS FUZION BLUE","700 WATTS FUZION WITH 12 CM FAN | BLUE | X700B | 3 MONTHS WARRANTY | 3 DAYS REPLACEMENT ONLY",2,450.00,495,652.50
"POWER SUPPLY:700 WATTS FUZION GREEN","700 WATTS FUZION WITH 12 CM FAN | GREEN | X700G | 3 MONTHS WARRANTY | 3 DAYS REPLACEMENT ONLY",1,450.00,495,652.50
"POWER SUPPLY:700 WATTS FUZION RED","700 WATTS FUZION WITH 12 CM FAN | RED| X700R | 3 MONTHS WARRANTY | 3 DAYS REPLACEMENT ONLY",1,450.00,495,652.50
"POWER SUPPLY:700W GEN ELECTRON","700 WATTS ELECTRON POWER SUPPLY / 1 Week Outright Replacement/ 1 Year warranty",2,377.00,414.7,565.50
"POWER SUPPLY:700W GEN INPLAY IN200B","700w PSU inPlay IN200B Coated Black Power Supply Unit",2,371.00,408.1,556.50
"POWER SUPPLY:700W GEN INTELLIGENT","INTELLIGENT 700Watts 8cm Single Fan ( 6 Months Warranty)",0,500.00,550,715.00
"POWER SUPPLY:700W GEN INTELLIGENT JUMBO","700Watts ITT Jumbo Fan (6 Months Warranty)",0,549.00,603.9,785.07
"POWER SUPPLY:700W GEN INTELLIGENT JUMBO FAN","ITT 700 WATTS W/ 12 CM FAN (JUMBO FAN) 6 MONTHS WARRANTY",0,599.00,658.9,856.57
"POWER SUPPLY:700W GEN TEHI FUZION","TEHI FUZION 700 WATTS  BIG FAN / 1 YR WARRANTY/ 1 WEEK OUTRIGHT REPLACEMENT ONLY",4,366.00,402.6,549.00
"POWER SUPPLY:700W GEN VALIANT","700W VALIANT POWER SUPPLY/ 1 Year Warranty/ 1 Week Outright Replacement Only",0,373.00,410.3,559.50
"POWER SUPPLY:700W TR 80+ HUNTKEY","HUNTKEY GS700 MAX 700 WATT  80 HUNTKEY PLUS 2 YEAR WARRANTY 1 MONTH REPLACEMENT",0,2634.00,2897.4,3424.20
"POWER SUPPLY:735W TR 80+B RAIDMAX RX-735AP-R","RAIDMAX RX-735AP-R 735W RGB 80PLUS Bronze Certified SEMI MODULAR Powersupply | 1 YR WTY | 1wk Ou...",1,3250.00,3575,4062.50
"POWER SUPPLY:AEROCOOL RAVE 500WATTS 80PLUS P","AEROCOOL RAVE 500WATTS 80PLUS POWER SUPPLY | 6 MONTHS WARRANTY | 1 WEEK REPLACEMENT",0,2017.00,2722.95,2722.95
"PRINTER:EPSON ECOTANK L3150 WIFI","EPSON ECOTANK L3150 WIFI ALL IN ONE INK PRINTER",0,9400.00,10058,10810.00
"PRINTER:EPSON L120 SINGLE","EPSON L120 SINGLE FUNCTION INK TANK PRINTER / 720X720dpi T6641/T6642/T6643/T6644 (1 YEAR WARRANTY)",10,5050.00,5724,6500.00
"PRINTER:EPSON L3110 PRINTER C11CG87503","EPSON L3110 ECO TANK ALL IN ONE INK TANK  PRINTER ..(1 YEAR WARRANTY)",7,7450.00,8046,8700.00
"PRINTER:EPSON L5190 WIFI MFP PRINTER","EPSON L5190 WIFI MFP ALL IN ONE INK TANK PRINTER/HI-SPEED USB/ETHERNET 10/100/ WIFI / 1 YEAR WAR...",1,12604.60,12604.6,13512.42
"PRINTER:HP SMART TANK 515WL ALL IN 1","HP SMART TANK 515WL ALL IN 1 WIRELESS PRINTER (1TJ09A) 6 Months Warranty/ 1 Week Outright Replac...",1,8588.00,9189.16,9876.20
"PROCESSOR:AMD A6-7480 APU","AMD APU A6-7480 W/ RADEON R5 GRAPHICS | 3.8GHZ MAX, 1MB CACHE | 8 CORES (2 CPU + 6 GPU) | FM2+ |...",1,1634.00,1797.4,2205.90
"PROCESSOR:AMD A8-7680 APU","AMD APU A8-7680 W/ RADEON R7 GRAPHICS | 3.8GHZ MAX, 2MB CACHE | 10 CORES (4 CPU + 8 GPU) | FM2+ ...",0,2094.00,2303.4,2826.90
"PROCESSOR:AMD ATHLON 200GE","AMD ATHLON 200GE W/ RADEON VEGA 3 GRAPHICS | 2 CORES, 4 THREADS | 3.2GHZ BASE | SOCKET AM4 | 5MB...",10,2804.00,3084.4,3645.20
"PROCESSOR:AMD ATHLON 3000G","AMD ATHLON 3000G W/ RADEON VEGA 3 GRAPHICS | 2 CORES, 4 THREADS | 3.5GHZ BASE | 5MB CACHE, UNLOC...",4,3125.00,3437.5,3906.25
"PROCESSOR:AMD RYZEN 3 2200G","AMD RYZEN 3 2200G W/ RADEON VEGA 8 GRAPHICS | 4 CORES | 3.5GHZ BASE | 3.7GHZ MAX | 6MB SMART PRE...",0,4422.00,4643.1,5217.96
"PROCESSOR:AMD RYZEN 3 3100","AMD RYZEN 3 3100 3.9GHZ 65W QUAD CORE AM4 PROCESSOR | 1 YEAR WARRANTY 1WEEK OUTRIGHT REPLACEMENT...",3,5253.00,6055.56,6504.12
"PROCESSOR:AMD RYZEN 3 3200G","AMD RYZEN 3 3200G W/ RADEON VEGA 8 GRAPHICS | 4 CORES, 4 THREADS | 3.6GHZ BASE | 4.0GHZ MAX | 6M...",2,7938.00,7938,8526.00
"PROCESSOR:AMD RYZEN 5 2400G","AMD RYZEN 5 2400G W/ RADEON RX VEGA 11 GRAPHICS | 4 CORES, 8 THREADS | 3.6GHZ BASE | 3.9 GHZ MAX...",0,6698.00,7233.84,7769.68
"PROCESSOR:AMD RYZEN 5 2600","AMD RYZEN 5 2600 | 6 CORES, 12 THREADS | 3.4GHZ BASE | 3.9GHZ MAX | 19MB SMART PREFETCH CACHE, U...",0,7556.48,8160.9984,8689.95
"PROCESSOR:AMD RYZEN 5 3400G","AMD RYZEN 5 3400G W/ RADEON VEGA 11 GRAPHICS | 4 CORES, 8 THREADS | 3.7GHZ BASE | 4.2GHZ MAX | 6...",0,9672.80,9672.8,10396.00
"PROCESSOR:AMD RYZEN 5 3600","AMD RYZEN 5 3600 | 6 CORES, 12 THREADS | 3.6GHZ BASE | 4.2GHZ MAX | 35MB CACHE, UNLOCKED | AM4 |...",0,10068.00,10772.76,11477.52
"PROCESSOR:INTEL CORE I5-11600K UNLOCKED","INTEL CORE I5 11600K UNLOCKED I 6CORES 12 THREADS 12MB CACHE LG1200 REQUIRED CPUCOOLER I2 YEARS ...",0,14317.00,16035.04,16035.04
"PROCESSOR:INTEL CORE I5-9400","Intel� Core� i5-9400 Processor 9M CACHE, UP TO 4.10GHZ 2.90-4.10GHZ DDR4-2666 INTEL UHD GRAPHICS...",1,8350.00,9018,9602.50
"PROCESSOR:INTEL CORE I5 10500","INTEL CORE I5 10500 3.10GHZ 6 CORE 12 THREADS 12MB CACHE LGA1200 | 2 YRS WTY | 1WK  OUTRIGHT REP...",0,10352.00,11076.64,11801.28
"PROCESSOR:INTEL i3-9100","Intel� Core� i3-9100 Processor 4 Cores 4 Threads 3.60-4.20ghz DDR4-2400 | 6 MONTHS WARRANTY | 1 ...",3,6750.00,7357.5,7830.00
"PROCESSOR:INTEL i7-10700K UNLOCKED 3.8GHZ","INTEL i7-10700K UNLOCKED 3.8GHZ UP TO 5.10GHZ LGA1200 | 8 CORES 16 THREADS | 16MB CACHE | 1 YEAR...",1,19812.00,20802.6,21991.32
"PROCESSOR TRAY TYPE:AMD RYZEN 3 3200G TRAY TYPE","RYZEN 3 3200G TRAY TYPE | VEGA 8 GRAPHICS | 4 CORE | 4 THREAD | 4.0 GHZ MAX BOOST | 6 MONTHS WAR...",0,6389.28,6389.28,7411.57
"PROCESSOR TRAY TYPE:AMD RYZEN 5 3600 TRAY TYPE","RYZEN 5 3600 6CORES I TRAY TYPE I 12 THREADS 4.2/ 3.6 GHZ/65W AM4 CPU 1 YEAR WARRANTY 1 WEEK OUT...",0,10300.00,11330,11742.00
"RAM:16GB(2X8) DDR4-3200 AVEXIR RGB","AVEXIR 16GB 2X8GB 3200MHZ CORE2 (AVD4UZ332001608G-2C2C) | 1 YEAR WARRANTY | 3 DAYS OUTRIGHT REPL...",0,4363.00,4712.04,5148.34
"RAM:16GB(2X8) DDR4-3200 CORSAIR BLK","CORSAIR VENGEANCE PRO BLACK 16GB (2X8) DDR4 RGB 3200MHz RAM/ 2 YRS. WARRANTY/ 1 WEEK OUTRIGHT RE...",0,4524.00,4885.92,5338.32
"RAM:16GB(2X8) DDR4-3200 CRUCIAL BLK","CRUCIAL BALLISTIX RGB 16GB KIT 2X8GB DDR4-3200 BLACK 1.35V | BL2K8G32C16URBL | 2 YEARS WARRANTY ...",0,4160.00,4492.8,4908.80
"RAM:16GB(2X8) DDR4-3200 KINGSTON","KINGSTON HYPER X HX432C16FB4/1616GB DDR4 | 3200 CL16 288 PIN UDIMM | 1MON OUTRIGHT | 1YEAR WARRANTY",0,4400.00,4840,5192.00
"RAM:16GB(2X8) DDR4-3200 TFORCE RGB","TEAM DELTA TFORCE 16GB (2x8) DDR4 3200MHZ RGB",0,4400.00,4752,5192.00
"RAM:16GB(2X8) DDR4-3200 TFORCE TUF","TEAMGROUP DELTA TUF UD-D4 3200MHZ 8GBX2 RGB /DDR4 / 1 YEAR WARRANTY 1 WEEK OUTRIGHT",0,4258.80,4599.504,5025.38
"RAM:16GB(2X8) DDR4-3200 TFORCE W","T-FORCE D8GBX23200W WHITE TEAM DELTA RGB 16GB(2X8GB) DDR4 3200Mhz MEMORY | 2 YEARS WARRANTY 1 MO...",0,4170.00,4503.6,4920.60
"RAM:16GB(2X8) DDR4-3200 TG DARK Z","TEAM GROUP DARK Z 2X8GB 3200MHZ DDR4 |GRAY | (TDZGD416G3200HC16CDC01) | NON-RGB | 6 MONTHS WARRA...",1,4451.00,4896.1,5252.18
"RAM:4GB DDR3-1600 SKIHOTAR","SKIHOTAR 4GB DDR3-1600 1.5V CL11 SM3MJ8M3B04A11600CG | 1 YEAR WARRANTY | 1 WEEK OUTRIGTH REPLACE...",3,660.00,726,943.80
"RAM:4GB DDR4-2666 KINGSTON HYPERX","KINGSTON HYPER X  HX426C16FB 4GB DDR4 2666 CL16 288-PIN UDIMM / 1 Week Outright/ 1 Year Warranty",0,1081.00,1189.1,1459.35
"RAM:4GB DDR4-2666 RAMSTA","RAMSTA 4GB DDR4 2666MHZ 1.2V PC4-23100 U-DIMM",1,824.00,906.4,1153.60
"RAM:8GB DDR3-1600 AVEXIR","AVEXIR 8GB DDR3-1600 C11 1.5V AVD3U16001108G-1BW |2YEARS WARRANTY | 1MONTH OUTRIGHT REPLACEMENT",0,1423.00,1565.3,1921.05
"RAM:8GB DDR3-1600 DATO","8GB DATO DDR3 1600MHz / 1 Yr. Warranty",0,1499.00,1648.9,2023.65
"RAM:8GB DDR3-1600 SKIHOTAR","SKIHOTAR 8GB DDR3 1600MHZ DESKTOP MEMORY",1,1361.00,1497.1,1837.35
"RAM:8GB DDR3-1600 TEAM GROUP ELITE","TEAM GROUP TE8D31600 TEAM ELITE 8GB 1600MHz WITH HEATSINK DESKTOP MEMORY/ 2 Yrs. Warranty/ 1 Mon...",0,1579.00,1736.9,2131.65
"RAM:8GB DDR4-2666 AVEXIR 1COR","AVEXIR AVD4UZ326661908G-1COR 8GB DDR4-2666 C19 1.2V",1,2040.00,2244,2754.00
"RAM:8GB DDR4-2666 KIMTIGO","KIMTIGO 8GB DDR4-2666 2RX8 PC4 - 21300U -19 (KMKU8G868-2666V) | 2 YEARS WARRANTY 1 WEEK OUTRIGHT...",1,1974.00,2171.4,2664.90
"RAM:8GB DDR4-2666 KINGSTON HYPERX","KINGSTON 8GB DDR4-2666 KHX426C16FB3/8 HYPER-X FURY BLACK",0,2022.30,2224.53,2730.11
"RAM:8GB DDR4-2666 PCMAXXE","PCMAXXE Ram DDR4 8GB",0,1550.00,1705,2092.50
"RAM:8GB DDR4-2666 RAMSTA","RAMSTA 8GB DDR4 2666MHZ MEMORY",5,1870.00,2057,2524.50
"RAM:8GB DDR4-2666 RGB AVEXIR","AVEXIR 8GB DDR4-2666 RGB CL 19-19-19-43 1.2V AVD4UZ326661908G-1C2A | AURA SYNC | CORE 2 | SPECTR...",0,1745.00,1919.5,2355.75
"RAM:8GB DDR4-2666 SKIHOTAR","8GB SKIHOTAR DDR4 2666MHz / 1 Year Warranty",0,1853.00,2038.3,2501.55
"RAM:8GB DDR4-2800 GSKILL AEGIS","G SKILL AEGIS 8GB DDR4-2800MHz ..CL 17-17-17-37 1.20V (F4-2800C17S-8GIS) 2 Years Warranty/ 1 Wee...",0,1417.00,1558.7,1912.95
"RAM:8GB DDR4-3000 TEAMGROUP ZEUS","TEAMGROUP ZEUS 8GB DDR4-3000 CL16-18-18-38 1.35V TTZD48G3000HC16C01 | 1 YEARS WARRANTY 1  WEEK O...",0,1498.00,1647.8,2022.30
"RAM:8GB DDR4-3200 KINGSTON HYPERX","KINGSTON KHX432C16FB4/16GB/ SINGLE STICK/ 3200MHZ D4 FURY BK/ 2 YEARS WARRANTY 1 WEEK OUTRIGHT",0,2888.00,2123,3754.40
"ROUTER:TENDA F6 WIRELESS N300 ROUTER","TENDA F6 WIRELESS N300 ROUTER/ 1 Year Warranty/ 1 Week Outright Replacement Only",0,672.60,739.86,961.82
"RTX3070 KO 8GB OC ASUS GAMING","ASUS RTX3070  KO I 8GB  GDDR6 I OC GAMING I AURASYNC I DUALFAN I KO-RTX3070-O8G-GAMING",0,44367.00,51022.05,51022.05
"SAFETY ITEMS:1PC FACESHIELD","1PC FACESHIELD",21,15.00,16.5,50.00
"SAFETY ITEMS:25PCS FACEMASK","25PCS FACEMASK",4,45.00,49.5,60.00
"SAFETY ITEMS:MINI HUMIDIFIER","MINI HUMIDIFIER",10,100.00,110,120.00
"SPEAKER:F&D V320 MULTIMEDIA SPEAKER 2.0","F&D V320 MULTIMEDIA SPEAKER 2.0",0,0.00,0,600.00
"SPEAKER:INPLAY MS001 USB 2.0 MULTIMEDIA","INPLAY MS001 USB 2.0 MULTIMEDIA SPEAKER/ 2 Months Warranty Only",0,137.00,150.7,205.50
"SPEAKER:INPLAY MS002","INPLAY MS002 USB 2.0 MULTIMEDIA SPEAKER | 2 MONTHS WARRANTY ONLY",10,199.00,298.50,298.50
"SPEAKER:INPLAY MS003 BLACK MINI SPEAKER","INPLAY MS003 BLACK MINI SPEAKER/ 3 Months Warranty/ 1 Week Outright Replacement Only",0,303.00,333.3,454.50
"SPEAKER:INPLAY MS003 WHITE MINI SPEAKER","INPLAY MS003 WHITE MINI SPEAKER/ 3 Months Warranty/ 1 Week Outright Replacement Only",-1,285.00,313.5,427.50
"SPEAKER:KEYTECH S10 MINI SPEAKER BLACK","KEYTECH S10 MINI SPEAKER BLACK | 15 DAYS WARRANTY | 3 DAYS OUTRIGHT REPLACEMENT",-1,219.00,240.9,328.50
"SPEAKER:KEYTECH S10 MINI SPEAKER PINK","KEYTECH S10 MINI SPEAKER PINK | 15 DAYS WARRANTY | 3 DAYS OUTRIGHT REPLACEMENT",3,219.00,240.9,328.50
"SPEAKER:KEYTECH S10 MINI SPEAKER RED","KEYTECH S10 MINI SPEAKER RED | 15 DAYS WARRANTY | 3 DAYS OUTRIGHT REPLACEMENT",1,219.00,240.9,328.50
"SPEAKER:KEYTECH S10 MINI SPEAKER WHITE","KEYTECH S10  MINI SPEAKER WHITE | 15 DAYS WARRANTY | 3 DAYS OUTRIGHT REPLACEMENT",2,219.00,240.9,328.50
"SPEAKER:REDRAGON GS520 ANVIL 2.0 RGB","REDRAGON GS520 ANVIL 2.0 RGB SPEAKER USB + 3.5MM AUDIO INTERFACE / 6 MONTHS WARRANTY 1 WEEK OUTR...",3,763.00,1068.20,1068.20
"SPEAKER:REDRAGON ORPHEUS GS550","REDRAGON ORPHEUS GS550 SPEAKER",0,550.00,605,786.50
"SSD:120GB APACER AS340","APACER 120GB AS340 PANTHER 2.5"" / 7MM SATA III 6GB/S | 1 YEAR WARRANTY 1 WEEK OUTRIGHT REPLACEMENT",0,1008.00,1108.8,1360.80
"SSD:120GB KIMTIGO KTA-300","KIMTIGO 120GB KTA-300 2.5"" / 7MM SATA III 6GB/S | ULTRA FAST | NOISELESS | LIGHT | LOW POWER CON...",1,933.00,1026.3,1306.20
"SSD:120GB KINGSTON","KINGSTON 120GB A400 SATA 3 2.5 SA400S37/120G Internal SSD",0,1221.00,1343.1,1648.35
"SSD:120GB LEXAR NS10 LITE","LEXAR NS10 LITE 120GB SSD",0,1100.00,1210,1485.00
"SSD:120GB M.2 WESTERN DIGITAL","WESTERN DIGITAL GREEN M.2 120GB 3D NAND SATAIII SSD (WD5120G2G0B) | 2YEARS WARRANTY | 1WEEK OUTR...",0,1129.00,1241.9,1524.15
"SSD:120GB RAMSTA","Ramsta 120GB SATA III SSD / 1 Yr Warranty/ 1 Month Outright Replacement",1,1005.00,1105.5,1356.75
"SSD:120GB WD GREEN","120GB WESTERN DIGITAL GREEN NANO SSD | WD5120G2G0A | 1 YEAR WARRANTY | 1 WEEK OUTRIGHT REPLACEMENT",1,1366.00,1502.6,1844.10
"SSD:240GB HIKVISION","HIKVISION HS-SSD-C100/240G 550MB/s 2.5"" SATA3 3D NAND SSD",1,1701.00,1871.1,2296.35
"SSD:240GB KIMTIGO","240 GB KIMTIGO KTA- 300 2.5 SATA 3 | 6 GB/S 1 YEAR WARRANTY| 1 WEEK OUTRIGHT REPLACEMENT",0,1554.00,1709.4,2097.90
"SSD:240GB KINGSTON","Kingston Technology SA400S37/240G A400 SSD Solid State Drive 2.5 Inch SATA-3 240GB",1,1628.00,1790.8,2197.80
"SSD:240GB RAMSTA","Ramsta R1S800240G 240GB SATA III SSD/ 2 Yrs. Warranty/ 1 Month Warranty",0,1568.00,1724.8,2116.80
"SSD:240GB SANDISK PLUS","240 GB SANDISK PLUS HD SATA SSD",0,1550.00,1705,2092.50
"SSD:240GB SKIHOTAR A320","SKIHOTAR 240GB A320 2.5"" / 7MM SATA III 6GB/S | 1 YEAR WARRANTY 1 WEEK OUTRIGHT REPLACEMENT",4,1444.00,1588.4,1949.40
"SSD:240GB WD GREEN","240 GB SSD WESTERN DIGITAL GREEN 2.5"" 3D NAND WDS240G2G0A/ 2 YEARS WARRANTY/ 1 WEEK REPLACEMENT",0,1552.00,1707.2,2095.20
"SSD:250GB M.2 WESTERN DIGITAL SN550","WESTERN DIGITAL SN550 250GB M.2 NVME PCIE GEN3",0,2048.00,2252.8,2764.80
"SSD:480GB WD GREEN WDS480G2G0A","WESTERN DIGITAL WD GREEN 480GB 2.5"" / 7MM SATA III 6GB/S | WDS480G2G0A | 1 YEAR WARRANTY 1 WEEK ...",0,2943.00,3237.3,3531.60
"SSD:512GB RAMSTA R1S800512G","RAMSTA R1S800512G 512GB SOLID STATE DRIVE| 1 YEAR WARRANTY | 1 MONTH OUTRIGHT",0,2562.00,2818.2,3330.60
"SWITCH HUB:TP LINK TL-SF1008D 8 PORT","TP LINK TL-SF1008D 8 PORT 100MBPS SWITCH HUB NETWORKING/ 1 Year Warranty/ 1 Week Outright Replac...",0,401.00,441.1,581.45
"UPS:650VA APC BVX650I-PH | 360W","APC BVX650I-PH 650VA | 360W | 230V | 4 OUTLETS BACK UP BATTERY | 6-8 HRS | 6 MONTHS WARRANTY | 3...",0,2215.00,2436.5,2990.25
"UPS:650VA SECURE","650VA Secure 650VA 6-30 Minutes Running Time 4 Sockets (1 year Warranty)",0,1440.00,1584,1944.00
"UPS:AIDE UPS 1000VA/ 600W","AWP AIDE 600W-1000VA Single Phase Line - Interactive with Stabilizer UPS (4 Sockets) 6 MONTHS WA...",0,1924.00,2597.40,2597.40
"WALL MOUNT:VESA MOUNT L1-VESA (CB-C11)","L1-VESA (CB-C11) STANDARD FOR LCD/LED WALL MOUNT/ No Warranty",1,49.00,53.9,75.00
"WEBCAM:1080P COOLPRO M207 30FPS W/ MIC","COOLPRO M207 1920X1080P | USB 2.0 | 30FPS | BUILT IN MIC | WIN 7,8,8.1,10 ABOVE | 6 MONTHS WARRA...",10,610.00,671,854.00
"WEBCAM:1080P GSOU T12S","GSOU T12S 1080P 30 FPS FULL HD WEBCAM W/ BUILT IN MICROPHONE/ 3 MONTHS WARRANTY/1 WEEK OUTRIGHT ...",0,878.00,965.8,1229.20
"WEBCAM:1080P GSOU T16S","GSOU T16S WITH LED 1080P 30FPS FULL HD WITH BUILT IN MICROPHONE | 1 MONTH WARRANTY | 3 DAYS OUTR...",0,842.00,1123.1,1378.35
"WEBCAM:1080P INPLAY C1080E","INPLAY C1080E FHD 1080P Webcam/ 3 Months Warranty / 1 Week Outright Replacement Only",0,699.00,768.9,999.57
"WEBCAM:1080P POWER LOGIC","POWER LOGIC 1080P WEBCAM",0,799.00,878.9,1142.57
"WEBCAM:480P A4TECH PK-835G","A4TECH PK-835G 16MP 480P ANTI GLARE W/ MIC",0,550.00,605,786.50
"WEBCAM:720P INPLAY C7202","INPLAY C7202 720P FULL HD WEBCAM / 6 Months Warranty/ 1 Week Outright Replacement Only",0,452.00,497.2,646.36
"WEBCAM:720P REDRAGON GW600","REDRAGON GW600 FOBOS 720P 30FPS WEBCAM | 3 MONTHS WARRANTY | 1 WEEK OUTRIGHT REPLACEMENT ONLY",0,1080.00,1188,1458.00
"WEBCAM:INTELLIGENT MGLE EG-173","INTELLIGENT MGLE EG-173 STAND WEB CAMERA 6 MONTHS WARRANTY",3,250.00,275,375.00
"WEBCAM:QNIX WEB CAMERA 2020","QNIX WEB CAMERA 2020 6 MONTHS WARRANTY",2,850.00,935,995.00
"WIFI RECEIVER:150MBPS COMFAST CF-WU815N","COMFAST CF-WU815N 150MBPS USB WIFI RECEIVER AUTO INSTALL / 6 MONTHS WARRANTY/ 1 WEEK OUTRIGHT RE...",16,169.00,165,262.50
"WIFI RECEIVER:150MBPS LBLINK","LBLINK 150MBPS WIFI DONGLE",2,150.00,165,300.00
"WIFI RECEIVER:150MBPS LBLINK W/ ANTENNA","LBLINK 150MBPS WIFI DONGLE W/ ANTENNA",2,210.00,231,315.00
"WIFI RECEIVER:300MBPS 802.IIN WIRELESS","300 MBPS 802.IIN WIRELESS USB 2.0 24 GHz",1,280.00,308,420.00
"WIFI RECEIVER:300MBPS TPLINK TL-WN822N","TP-LINK TL-WN822N 300MBPS HIGH GAIN WIFI USB ADAPTER DUAL ANTENNA/ 1.5 M EXTENSION CABLE/ 1 YR W...",1,816.00,897.6,1142.40
