,"Item","Description","Quantity","Cost","Price"
,"600 WATTS DARKFLASH 6 POWER SUP","600 WATTS DARKFLASH 6 POWER SUPPLY | 6 MONTHS WARRANTY | 1 WEEK REPLACEMENT",0,1925.00,2362.50
,"BUNDLE:INTEL CORE I3 10TH GEN BUNDLE","INTEL CORE  i3-10100 BOX 10TH GEN PROCESSOR 6M CACHE UP TO 4.30 GHz | 1 YEAR WARRANTY | 1 WEEK O...",3,11128.00,11856.00
,"CABLES:24 PIN DEEPCOOL EC300 WHITE","DEEPCOOL EC300 24 PIN PSU EXTENSION WHITE",0,616.00,800.80
,"CABLES:24 PIN POWER SUPPLY EXTENSION","24 PIN POWER EXTENSION CABLE ATX PC PSU MALE & FEMALE PORT M/F EXPANDER 24.5CM",0,105.60,144.00
,"CABLES:4 PIN POWER SUPPLY EXTENSION","4 PIN POWER EXTENSION 20CM / 8 INCH 12V MALE TO FEMALE PORT",0,71.50,97.50
,"CABLES:HDMI CABLE","HDMI CABLE",11,90.75,123.75
,"CABLES:POWER CORD CABLE","POWER CORD CABLE",21,33.00,54.00
,"CABLES:VGA CABLE","VGA CABLE",12,52.80,84.00
,"CASE FAN:12CM*1 AD-LINK BLACK","AD-LINK 12CM BLACK SINGLE FAN",11,55.00,80.00
,"CASE FAN:12CM*1 GSTORM BLAZE BLUE","GSTORM BLAZE 12CM LED FAN BLUE",8,132.00,185.00
,"CASE FAN:12CM*1 GSTORM BLAZE ICE BLUE","GSTORM BLAZE 12CM LED FAN ICE BLUE",10,132.00,185.00
,"CASE FAN:12CM*1 GSTORM BLAZE RED","GSTORM BLAZE 12CM LED FAN RED",3,132.00,185.00
,"CASE FAN:12CM*1 GSTORM BLAZE RGB","GSTORM BLAZE 12CM LED FAN RGB",6,132.00,185.00
,"CASE FAN:12CM*3 INPLAY ICE TOWER RGB","INPLAY ICE TOWER 12CM 3 FAN KIT RGB WITH FAN HUB & REMOTE/ 6 MONTHS WARRANTY ONLY",5,727.10,880.88
,"CASE FAN:12CM*3 KEYTECH GALAXY X3","KEYTECH GALAXY X3 ARGB COOLING FANS 3 IN 1 MUSIC SYNC GAMING FAN | 6 PIN CONNECTOR | ARGB LIGHTI...",2,734.80,955.24
,"CASE FAN:12CM*3 KEYTECH STORM X3 PRO","KEYTECH STORM X3 PRO ARGB COOLING FANS 3 IN 1 MUSIC SYNC GAMING FAN | 6 PIN CONNECTOR | ARGB LIG...",3,712.00,983.26
,"CASE FAN:8CM*1 AD-LINK BLACK","AD-LINK 8CM BLACK SINGLE FAN",0,38.50,52.50
,"CASE FAN:KEYTECH STORM X3 3 IN 1 ARGB CO","KEYTECH STORM X3 3 IN 1 ARGB COOLING FAN MUSIC SYNC GAMING FAN",0,712.80,926.64
,"CCTV:HIKVISION DS-7204HGHI-F1 DVR","HIKVISION DS-7204HGHI-F1 720P 4CHANNEL HDTVI/ANALOG/AHD DVR",1,1638.00,1701.00
,"CHASSIS:COOLMAN ARMOR BLACK","COOLMAN ARMOR BLACK",1,1354.10,1661.85
,"CHASSIS:COOLMAN ARMOR WHITE","COOLMAN ARMOR WHITE",0,1518.00,2049.30
,"CHASSIS:DARKFLASH DLM21 BLACK","DARKFLASH DLM21 BLACK/ 3 DAYS WARRANTY ON ELECTRONICS PARTS WITH BPX",1,1942.60,2384.84
,"CHASSIS:DARKFLASH DLM21 PINK","DARKFLASH DLM21 PINK CABINET TYPE TEMPERED GLASS | 15 DAYS WARRANTY ON ELECTRONIC PARTS ONLY",0,2060.30,2528.55
,"CHASSIS:DARKFLASH WATER SQUARE 5 TEMPER","DARKFLASH WATER SQUARE 5 TEMPERED FRONT AND SIDE WITH 3PCS RGB FAN | 1 MONTH WARRANTY ON ELECTRO...",0,1942.60,2384.10
,"CHASSIS:DLM 23 WHITE DARK FLASH","DARKFLASH DLM23 WHITE | 3 DAYS WARRANTY ON ELECTRONICS PARTS WITH BOX",0,2178.00,2673.00
,"CHASSIS:FUZION HELA SERIES ATX TEMPERED","FUZION HELA SERIES ATX TEMPERED GLASS GAMING CASE/PINK/CP01/WITH 700 WATTS POWER SUPPLY/1 MONTH ...",2,2255.00,2767.50
,"CHASSIS:FUZION MINI ATX | 165 -22","FUZION MINI ATX ACRYLIC SIDE WITH 700W POWER SUPPLY/2X RGB FANS/165-22/1 MONTH WARRANTY ON ELECT...",4,1320.00,1620.00
,"CHASSIS:FUZION MINI ATX CASE WITH 700WA","FUZION MINI ATX CASE WITH 700WATTS POWER SUPPLY/275-D001/ 1 MONTH WARRANTY FOR ELECTRONIC PARTS ...",2,825.00,1072.50
,"CHASSIS:GSTORM MI-A2","GSTORM MI-A2 ACRYLIC SIDE PANEL | BLACK | IRON NET FRONT | MATX, MITX | NO FAN INCLUDED",0,559.90,727.87
,"CHASSIS:INPLAY ESPORT 03 PINK","INPLAY ESPORT 03 PINK TEMPERED SIDE PANEL W/ RGB STRIP FITS ATX, MICRO ATX, MINI ATX",0,1137.40,1395.90
,"CHASSIS:INPLAY LITE X1 PC CASE","INPLAY LITE X1 PC CASE",3,344.30,453.85
,"CHASSIS:INPLAY METEOR 05","INPLAY METEOR 05 | ATX,MATX,MITX, | TEMPERED SIDE PANEL | MESH FRONT",0,1113.00,1303.40
,"CHASSIS:INPLAY WIND 01","INPLAY WIND 01 ACRYLIC SIDE PANEL | HONEYCOMB DESIGN | MICRO ATX | MINI-ITX | 2X120MM | 1X80MM |...",0,564.30,749.32
,"CHASSIS:KEYTECH T1000 W/ 4 PCS RGB FANS","KEYTECH T1000 WITH 4 PCS RGB FAN | TEMPERED SIDE PANEL ATX, MATX, MINI ITX | 1 MONTH WARRANTY | ...",0,1574.10,1931.85
,"CHASSIS:KEYTECH T850 TEMPERED GLASS GAM","KEYTECH T850 TEMPERED GLASS GAMING CASE",0,1049.40,1335.60
,"CHASSIS:NOVUS VERTEX 950","NOVUS VERTEX 950 | ACRYLIC SIDE PANEL | FIT TO ATX TO MATX | 2*HDD, 2*SSD, 1*FDD, 2*CD | W/ 3PCS...",0,877.80,1117.20
,"CHASSIS:SHARKOON TG4 ATX GAMING CASE","SHARKOON TG4 RGB ATX GAMING CASE | MINI-ITX, MICRO-ATX, ATX | 3X120MM RGB FAN, 1X120MM RGB FAN I...",1,3001.90,3547.70
,"CHASSIS:VIKINGS VKS-23","VIKING SHIELD VKS-23 RGB W/ 3 12CM FAN GAMING TEMPERED GLASS HIGH END CASE",1,2783.00,3289.00
,"CHASSIS:Z-001 FUZION REGULAR ATX TEMPER","Z-001 FUZION REGULAR ATX TEMPERED GLASS/PSU 700W AND 3x RGB FAN",2,1925.00,2362.50
,"CPU COOLER:INPLAY ICE 120 AIO ARGB BLACK","INPLAY ICE 120 AIO BLACK | ARGB LIQUID COOLING FAN | 1*120MM PWM FANS",1,1425.24,1798.20
,"CPU COOLER:INPLAY ICE 240 AIO ARGB BLACK","INPLAY ICE 240 AIO BLACK | ARGB LIQUID COOLING FAN | 2*120MM PWM FANS",1,1995.55,2517.75
,"CPU COOLER:INPLAY ICE 240 AIO ARGB WHITE","INPLAY ICE 240 AIO WHITE | ARGB LIQUID COOLING FAN | 2*120MM PWM FANS",0,2079.01,2764.13
,"CPU COOLER:PC COOLER E126MR","PC COOLER E126MR 92W CPU COOLER | RED | 15 DAYS WARRANTY | 3 DAYS OUTRIGHT REPLACEMENT",1,253.00,345.00
,"GAMING CHAIR:NOVUS CGW-501RD W/ FOOTREST","NOVUS CGW-501RD RED BLACK W/ FOOTREST 90-135 DEGREE RECLINING GAMING CHAIR",1,4851.00,5451.60
,"GAMING TABLE:INPLAY T1 RGB GAMING TABLE | BL","INPLAY T1 RGB GAMING TABLE | BLACK |126 x 66 x 60 CM |1 MONTH WARRANTY | 1 WEEK OUTRIGHT REPLACE...",1,4196.50,4578.00
,"GRAPHICS CARD:ASUS ROG STRIX RX5500XT 8GB","ASUS ROG STRIX RX5500XT 8GB..GAMING/DUAL FAN/GDDR6 128BIT/..AURASYNC | 1 YEAR WARRANTY 1 WEEK..O...",1,13060.95,14304.85
,"GRAPHICS CARD:GTX1050 TI GEFORCE 4GB MSI","MSI GEFORCE GTX1050 TI 4GT 4GB OCV1 GDDR5 128-BIT DISPLAY PORT, HDMI, DL-DVI-D",0,8679.84,8679.84
,"GRAPHICS CARD:GTX1660 TI AERO ITX GEFORCE MSI","MSI AERO ITX GEFORCE GTX1660 TI | 6GB GDDR6 | DIRECTX12 | TURING SHADERS | ANSEL | 192-BIT | DIS...",0,15520.167,17244.63
,"HEADSET:INPLAY H2 RGB","INPLAY H2 RGB HEADSET | RGB LED W/ MICROPHONE",1,172.70,235.50
,"HEADSET:REDRAGON ARES H120","REDRAGON ARES H120 GAMING HEADSET | HIGHLY ADJUSTABLE NOISE CANCELLING MICROPHONE FOR OPTIMIZED ...",4,396.00,540.00
,"INTERNAL HDD:1TB BARRACUDA SEAGATE","SEAGATE 1TB BARRACUDA ST1000DM010 7200RPM SATA 3.5",1,2157.10,2647.35
,"INTERNAL HDD:500GB PIPELINE HD SEAGATE","SEAGATE 500GB ST3500414CS PIPELINE HD",2,663.30,862.29
,"INTERNAL HDD:500GB WESTERN DIGITAL GREEN","500GB WD WD5000AUDX | 5900 RPM 32 MB 3.5 SATA  |3 MONTHS WARRANTY | 1 3 DAYS OUTRIGHT REPLACEMENT",10,723.80,940.94
,"KEYBOARD:DELUX GAME TITAN T9U WIRED SING","DELUX GAME TITAN T9U WIRED SINGLE..HAND GAMING KEYPAD BLUE COLOR..BACKLIGHT | 15 DAYS WARRANTY |...",1,982.30,1250.20
,"KEYBOARD:HANDED GAMING KEYPAD 4 MACRO SI","DELUX T9X WIRED MECHANICAL SINGLE..HANDED GAMING KEYPAD 4 MACRO SIDE..KEYS | 1 YR WTY | 15 DAYS ...",1,1854.31,2339.55
,"KEYBOARD:HP GK400Y RAINBOW BACKLIT","HP GK400Y RAINBOW BACKLIT (SILVER)..MECHANICAL GAMING KEYBOARD | 6..MONTHS WARRANTY | 1 WEEK OUT...",1,1502.28,1895.40
,"KEYBOARD & MOUSE:4 IN 1 CLEVER KEYBOARD/MOUSE/HE","4 IN 1 CLEVER KEYBOARD/MOUSE/HEADSET/MOUSEPAD BUNDLE",3,715.00,929.50
,"KEYBOARD & MOUSE:BLACK IT&T KEYBOARD/MOUSE BUNDL","DD-959 BLACK IT&T DD-959 KEYBOARD AND MOUSE COMBO WITH LED I BLACK I 1 MONTH WARRANTY |  1 WEEK ...",5,290.40,396.00
,"KEYBOARD & MOUSE:DELUX K6005U+M331BU","DELUX K6005U+M331BU OFFICE KEYBOARD  AND MOUSE BUNDLE | LASER GRAVED | 15 DAYS WARRANTY | 3 DAYS...",4,343.20,468.00
,"KEYBOARD & MOUSE:INPLAY STX200","INPLAY STX200 WIRED KEYBOARD & MOUSE W/ RAINBOW BACKLIGHT",1,240.90,328.50
,"KEYBOARD & MOUSE:INPLAY STX360","INPLAY STX360 WIRED KEYBOARD & MOUSE W/ RAINBOW BACKLIGHT",0,283.80,387.00
,"KEYBOARD & MOUSE:INPLAY STX520 DARK KNIGHT","INPLAY STX520 DARK KNIGHT | SUSPENSION KEYCAPESS | WIRED KEYBOARD & MOUSE W/ RAINBOW BACKLIGHT",1,445.50,587.25
,"KEYBOARD & MOUSE:REDRAGON S101-3","REDRAGON S101-3 WIRED GAMING KEYBOARD & MOUSE COMBO W/ RGB BACKLIGHT",4,990.00,1260.00
,"KEYBOARD & MOUSE:REDRAGON S107 3 IN 1 ESSENTIALS","REDRAGON S107 3 IN 1 GAMING ESSENTIALS KEYBOARD MOUSE AND MOUSEPAD",3,1155.00,1417.50
,"KMHE BUNDLE:INPLAY STX240 BLACK COMBO","INPLAY STX 240 BLACK COMBO | KEYBOARD, MOUSE, HEADSET | 15 DAYS WARRANTY | 3 DAYS OUTRIGHT REPLA...",1,482.90,636.55
,"KMHE BUNDLE:INPLAY STX540 BLACK","INPLAY STX540 BLACK 4 IN 1 COMBO GAMING KEYBOARD, MOUSE, HEADSET, EXTENDED MOUSEPAD | METAL FRAM...",0,968.00,1355.20
,"KMHE BUNDLE:INPLAY STX540 PINK","INPLAY STX540 PINK 4 IN 1 COMBO GAMING KEYBOARD, MOUSE, HEADSET, EXTENDED MOUSEPAD | METAL FRAME...",2,1027.40,1386.99
,"KMHE BUNDLE:INPLAY STX540 WHITE","INPLAY STX540 WHITE 4 IN 1 COMBO GAMING KEYBOARD, MOUSE, HEADSET, EXTENDED MOUSEPAD | METAL FRAM...",1,1027.40,1386.99
,"MONITOR:18.5 INCHES P19B G4 LED HP","HP 18.5"" P19B G4 LED DIAGONAL WXGA | 1366X768 | 16:9 | 5MS | HDMI, VGA | ANTI-REFLECTIVE | BLUE ...",4,3071.88,3858.40
,"MONITOR:19 INCHES 1901F KINGDOM","KINGDOM 19"" 1901F 1366*768P HD 60HZ 4MS 16.7M 16:9",1,2362.50,3037.50
,"MONITOR:19 INCHES N190 LED NVISION","NVISION N190 19"" LED | 1400X900 | 60HZ | 80/80/80/80 | 5MS | TN | 250CD/M2",2,2356.20,2784.60
,"MONITOR:21.5"" FUZION WIDE LED SCREEN 75","21.5"" FUZION WIDE LED SCREEN 75HZ..6MOS WARRANTY/3 DAYS REPLACEMENT ONLY..SN: 192020-0576",0,3547.50,4031.25
,"MONITOR:21.5"" PHILIPS - BLACK MONITOR","PHILIPS 221V9/93 BLACK 21.5"" FULL HD 1920 X 1080 | FRAMELESS | HDMI | WVA | LOW BLUE MODE | 6 MO...",0,4966.04,5376.08
,"MONITOR:22"" GOMA LED MONITOR","GOMA G2150HD 22"" LED MONITOR I TN PANEL I VGA,HDMI I 1920X1080FHD",3,3531.00,4012.50
,"MONITOR:24 INCHES GT24MV 144HZ NVISION","NVISION GT24MV IPS 24"" FLAT 144HZ FHD GAMING MONITOR | 1920 X 1080 | 5MS/HDMI, DP, USB/ FREESYNC",0,7279.65,8042.28
,"MONITOR:24 INCHES IP24V1 IPS NVISION","NVISION 24"" IP2V1 IPS | 1920X1080 FHD | 75HZ | 23.8"" | 5MS | 300CD/M2 | 3000:1",0,5445.30,6016.92
,"MONITOR:24 INCHES XC24S V3 BLK NVISION","NVISION 24"" XC24S V3 CURVED BLACK | 1920X1080 FHD | 75HZ | 5MS | 3000R | HDMI, VGA | VERSION 3",0,4513.95,5072.82
,"MONITOR:24"" IPS FUZION WIDE LED 75HZ","24"" IPS FUZION WIDE LED 75HZ",0,4620.00,4956.00
,"MONITOR:24"" NOVUS 24UMPH 24 INCH LED","NOVUS 24UMPH 24 INCH LED MONITOR | FRAMELESS | 60HZ | LED 1920X1080 | MOUNTABLE / VGA, HDMI | 6 ...",0,4629.45,5962.40
,"MONITOR:27 INCHES CURVED NVISION","NVISION IN27C18 CURVE 75HZ 27"" WHITE GAMING MONITOR",0,7279.65,8042.28
,"MONITOR:VIEWSONIC VA2223-H 22"" 1080P HD","VIEWSONIC VA2223-H 22"" 1080P HDMI AND VGA INPUT VESA MOUNTABLE 1 YEAR WARRANTY | 1 WEEK OUTRIGHT...",1,4876.20,5327.70
,"MOTHERBOARD:A320M-S2H GIGABYTE","GIGABYTE A320M-S2H | AM4 | DUAL DDR4 | HDMI, DVI-D, D-SUB | 1*M.2 | SUPPORTS RYZEN & ATHLON SERI...",0,2625.00,3250.00
,"MOTHERBOARD:A320M PRO PLUS MSI","MSI A320M PRO PLUS SOCKET AM4 DDR4",6,2795.10,3303.30
,"MOTHERBOARD:ASROCK B460M STEEL LEGEND","ASROCK B460M STEEL LEGEND..(90-MXBDQ0-A0UAYZ) / HDMI DISPLAYPORT..GRAPHICS OUTPUT / 2 YEARS WARR...",1,6002.85,6631.72
,"MOTHERBOARD:B450 GIGABYTE S2H V2","GIGABYTE B450S2H V2 AMD SOCKET AM4 2 DDR4 2-CH/ PCI-EX 16/MICRO ATX USB 3.1 GEN 1/ M.2 SOCKET 3 ...",3,4232.80,4631.50
,"MOTHERBOARD:B450M-A  ASUS PRIME II","ASUS B450 PRIME B450M-A II AM4 DDR4 32MB BIOS MICRO ATX/AURA SYNC/ 1 YEAR WARRANTY 1 WEEK OUTRIG...",0,4355.64,4894.91
,"MOTHERBOARD:B550M MSI MAG BAZOOKA","MSI MAG B550M BAZOOKA | AM4 | 4*DDR4-4400(OC) DUAL CHANNEL | 1*M.2 | NVME SSD READY | PCIE 4.0 R...",1,7409.82,7885.68
,"MOTHERBOARD:FM2A68HM-S1 FM2+ DDR3 GIGABYTE","GIGABYTE FM2A68H-S1 FM2+ DDR3 USB 3.0",1,2370.90,2935.40
,"MOTHERBOARD:FM2A68M-DG3+ ASROCK","ASROCK FM2A68M-DG3+ | FM2 100W | FM2+ 95W | A68H (BOLTON-D2H) | 2*DDR3 2400+(OC) | D-SUB, DVI-D ...",0,2164.185,2935.40
,"MOTHERBOARD:GIGABYTE B550 GAMING X GAMING","GIGABYTE B550 GAMING X GAMING MOTHERBOARD  1 YEAR WARRANTY | 1 WEEK REPLACEMENT",1,8048.56,8491.60
,"MOTHERBOARD:H310M-H GIGABYTE 2.0 INTEL","Gigabyte GA-H310M-H 2.0 Intel H310 Ultra Durable motherboard | 6 MONTHS WARRANTY | 1 MONTH REPLA...",2,3135.00,3705.00
,"MOTHERBOARD:INTEL i7-10700K UNLOCKED","INTEL i7-10700K UNLOCKED 3.8GHZ UP TO..5.10GHZ LGA1200 | 8 CORES 16 THREADS |..16MB CACHE | 1 YE...",0,20802.60,21991.32
,"MOUSEPAD:ASSORTED MOUSEPAD","ASSORTED MOUSEPAD",18,13.20,18.00
,"MOUSEPAD:COUGAR ARENA X PINK","COUGAR ARENA X PINK 100 X 400 X 5MM..GAMING MOUSEPAD",1,1074.70,1367.80
,"MOUSEPAD:FANTECH MPR350 AURORA RGB","FANTECH MPR350 AURORA RGB GAMING | 15 DAYS WARRANTY",1,854.70,1087.80
,"MOUSEPAD:L11 MOUSE PAD","L11 MOUSE PAD",7,30.80,42.00
,"MOUSEPAD:MP-60R BLOODY RGB GAMING MOUSEP","MP-60R BLOODY RGB GAMING MOUSEPAD SIZE 354MM(L) 256MM(W) 2.6MM(H) | 1 MONTH WARRANTY | 1 WEEK OU...",1,913.00,1162.00
,"MOUSEPAD:RAZER BIG","RAZER BIG MOUSEPAD",5,44.00,65.00
,"MOUSEPAD:RAZER SMALL","RAZER SMALL MOUSEPAD",0,22.00,35.00
,"POWER SUPPLY:500 WATTS DARKFLASH","500 WATTS DARKFLASH POWER SUPPLY | 6 MONTHS WARRANTY | 1 WEEK REPLACEMENT",0,1575.00,2025.00
,"POWER SUPPLY:500 WATTS FUZION TRUE RATED POW","500 WATTS FUZION TRUE RATED POWER SUPPLY/ 3MONTHS WARRANTY /3 AYS REPLACEMENT",5,1100.00,1680.00
,"POWER SUPPLY:500W RGPS-500W REDRAGON","REDRAGON RGPS-500W GAMING PSU",0,1925.00,2598.75
,"POWER SUPPLY:500W TRUE RATED 2ND HAND","SECOND HAND 500 WATTS TRUE RATED POWER SUPPLY",1,495.00,652.50
,"POWER SUPPLY:550 WATTS COOLER MASTER","550 WATTS COOLER MASTER MWE WHITE  230V / US CABLE | 6 MONTHS WARRANTY | 1 WEEK REPLACEMENT",0,2390.30,3073.24
,"POWER SUPPLY:650W GX-S 80+ GOLD COUGAR","COUGAR GX-S 650W 80+ GOLD CERTIFIED | ATX12V 2.3",0,3759.21,4284.00
,"POWER SUPPLY:700 WATTS ELECTRON  POWER  SUP","700 WATTS ELECTRON  POWER  SUPPLY | 1 WEEK OUTRIGHT REPLACEMENT | 3 MONTHS WARRANTY",0,414.70,565.50
,"POWER SUPPLY:700W GENERIC VALIANT","VALIANT 700W GENERIC",6,410.30,559.50
,"POWER SUPPLY:AVR SECURE 500W","AVR SECURE 500W",5,275.00,412.50
,"POWER SUPPLY:RAIDMAX RX-735AP-R 735W","RAIDMAX RX-735AP-R 735W RGB 80PLUS..Bronze Certified SEMI MODULAR Powersupply |..1 YR WTY | 1wk ...",1,3412.50,4062.50
,"PRINTER:EPSON L120","EPSON L120 SINGLE FUNCTION INK TANK PRINTER / 720X720dpi T6641/T6642/T6643/T6644 (6 MONTHS WARRA...",1,5724.00,6500.00
,"PRINTER:EPSON L3110 ECO TANK ALL IN ONE","EPSON L3110 ECO TANK ALL IN ONE | PRINT, SCAN, COPY | MAX A4, LETTER | 300X300 DPI | COLOUR, BLK...",1,8046.00,8755.50
,"PRINTER:EPSON L5190 WIFI MFP ALL IN ONE","EPSON L5190 WIFI MFP ALL IN ONE INK TANK RINTER/HI-SPEED USB/ETHERNET 10/100/ WIFI / 1..YEAR WAR...",0,12604.60,13512.42
,"PROCESSOR:A6-7480 APU AMD","AMD APU A6-7480 W/ RADEON R5 GRAPHICS | 3.8GHZ MAX, 1MB CACHE | 8 CORES (2 CPU + 6 GPU) | FM2+ |...",0,1764.72,2205.90
,"PROCESSOR:A8-7680 APU AMD","AMD APU A8-7680 W/ RADEON R7 GRAPHICS | 3.8GHZ MAX, 2MB CACHE | 10 CORES (4 CPU + 8 GPU) | FM2+ ...",1,2198.70,2826.90
,"PROCESSOR:AMD ATHLON 200GE W/ RADEON VEGA","AMD ATHLON 200GE W/ RADEON VEGA 3 GRAPHICS | 2 CORES, 4 THREADS |3.2GHZ BASE | SOCKET AM4 | 5MB ...",5,3084.40,3645.20
,"PROCESSOR:ATHLON 3000G AMD","AMD ATHLON 3000G W/ RADEON VEGA 3 GRAPHICS | 2 CORES, 4 THREADS | 3.5GHZ BASE | 5MB CACHE, UNLOC...",1,3437.50,3906.25
,"PROCESSOR:INTEL CORE I5-9400","Intel� Core� i5-9400 Processor 9M CACHE, UP TO 4.10GHZ 2.90-4.10GHZ DDR4-2666 INTEL UHD GRAPHICS...",2,9018.00,9602.50
,"PROCESSOR:INTEL i7-10700K UNLOCKED","INTEL i7-10700K UNLOCKED 3.8GHZ UP TO..5.10GHZ LGA1200 | 8 CORES 16 THREADS |..16MB CACHE | 1 YE...",1,20802.60,21991.32
,"PROCESSOR:RYZEN 3 3200G AMD","AMD RYZEN 3 3200G W/ RADEON VEGA 8 GRAPHICS | 4 CORES, 4 THREADS | 3.6GHZ BASE | 4.0GHZ MAX | 6M...",1,7938.00,8526.00
,"PROCESSOR:RYZEN 5 2400G AMD","AMD RYZEN 5 2400G W/ RADEON RX VEGA 11 GRAPHICS | 4 CORES, 8 THREADS | 3.6GHZ BASE | 3.9 GHZ MAX...",0,7068.60,7769.68
,"PROCESSOR:RYZEN 5 3400G AMD","AMD RYZEN 5 3400G W/ RADEON VEGA 11 GRAPHICS | 4 CORES, 8 THREADS | 3.7GHZ BASE | 4.2GHZ MAX | 6...",0,9672.80,10396.00
,"PROCESSOR:RYZEN 5 3600 AMD","AMD RYZEN 5 3600 | 6 CORES, 12 THREADS | 3.6GHZ BASE | 4.2GHZ MAX | 35MB CACHE, UNLOCKED | AM4 |...",0,10712.25,11477.52
,"PROCESSOR TRAY TYPE:RYZEN 3 3200G TRAY TYPE","RYZEN 3 3200G TRAY TYPE | VEGA 8 GRAPHICS | 4 CORES | 4 THREADS 4.0GHZ MAX BOOST | 6 MONTHS WARR...",1,6211.80,6862.56
,"RAM:16GB (2X8) DDR4-3200 TEAMGROUP","TEAMGROUP TFORCE DELTA RGB 16GB (2X8GB) DDR4 3200MHZ",0,4258.80,5192.00
,"RAM:16GB (2X8) DDR4-3200 TEAMGROUP:TEAM GROUP DARK Z 2X8GB 3200MHZ","TEAM GROUP DARK Z 2X8GB 3200MHZ DDR4 |GRAY (TDZGD416G3200HC16CDC01) | NON-RGB | 6 MONTHS WARRANT...",1,4896.10,5252.18
,"RAM:16GB DDR4-3200 2X8 DELTA TUF","TEAMGROUP DELTA TUF UD-D4 3200MHZ 8GBX2 RGB DDR4 1 YEAR WARRANTY 1 WEEK OUTRIGHT REPLACEMENT",0,4258.80,5025.38
,"RAM:16GB(2X8) DDR4-3200  AVEXIR","AVEXIR 16GB DDR4 3200MHZ CORE 2 (AVD4UZ332001608G -2C2C)",2,4712.04,4756.08
,"RAM:4GB DDR3-1600 SKIHOTAR","SKIHOTAR 4GB DDR3-1600 1.5V CL11 SM3MJ8M3B04A11600CG",2,726.00,943.80
,"RAM:8 GB AVEXIR DDR4-2666 MHZ RGB","8 GB AVEXIR AVD4UZ326661908G-1COR DDR4- 2666 C19 1.2V | 15 DAYS OUTRIGHT REPLACEMENT | 6 MONTHS ...",0,2244.00,2754.00
,"RAM:8GB DDR3-1600 AVEXIR","AVEXIR 8GB DDR3-1600 C11 1.5V AVD3U16001108G-1BW",1,1565.30,1974.91
,"RAM:8GB DDR4-2666 HYPER-X KINGSTON","KINGSTON 8GB DDR4 2666MHZ KHX426C16FB3/8 HYPER-X FURY BLACK",0,2022.30,2730.11
,"RAM:8GB DDR4-2666 KIMTIGO","KIMTIGO 8GB DDR4-2666 2RX8 PC4-21300U-19 (KMKU8G868-2666V)",0,2171.40,2664.96
,"RAM:8GB SKIHOTAR DDR4 2666MHZ","8GB SKIHOTAR DDR4 2666MHZ | 1 YEAR WARRANTY",6,2038.30,2502.90
,"RAM:DDR4-2666 RAMSTA","RAMSTA 8GB DDR4 2666MHZ MEMORY",5,2057.00,2524.50
,"RAM:SKIHOTAR 8GB DDR3 1600MHZ DESKT","SKIHOTAR 8GB DDR3 1600MHZ DESKTOP MEMORY",1,1497.10,1837.47
,"SPEAKER:KEYTECH S10 MINI SPEAKER BLACK","KEYTECH S10 MINI SPEAKER BLACK",2,240.90,328.50
,"SPEAKER:KEYTECH S10 MINI SPEAKER PINK","KEYTECH S10 MINI SPEAKER PINK",3,240.90,328.50
,"SPEAKER:KEYTECH S10 MINI SPEAKER RED","KEYTECH S10 MINI SPEAKER RED",2,240.90,328.50
,"SPEAKER:KEYTECH S10 MINI SPEAKER WHITE","KEYTECH S10 MINI SPEAKER WHITE",2,240.90,328.50
,"SPEAKER:REDRAGON ORPHEUS GS550","REDRAGON ORPHEUS GS550 SPEAKER",2,605.00,786.50
,"SPLITTERS:200MHZ FJ-2002 2 VGA SPLITTER","200MHZ FJ-2002 2 VGA SPLITTER",2,198.00,270.00
,"SPLITTERS:HDMI BI-DIRECTION FJ-HD2","HDMI BI-DIRECTION SWITCH FJ-HD2",2,275.00,375.00
,"SSD:120 GB LEXAR NS10 LITE","120 GB LEXAR NS10 LITE | 6 MONTHS WARRANTY | 15 DAYS OUTRIGHT REPLACEMENT",1,1210.00,1485.00
,"SSD:120GB AS340 PANTHER APACER","APACER 120GB AS340 PANTHER 2.5"" SATA III 6GB/S",0,1108.80,1360.80
,"SSD:120GB KINGSTON A400","KINGSTON 120GB A400 SATA 3 2.5 SA400S37/120G INTERNAL SSD",3,1343.10,1648.35
,"SSD:240 GB RAMSTA SATA III SSD","240 GB RAMSTA R1S800240G SATA III SSD | 15 DAYS OUTRIGHT REPLACEMENT | 6 MONTHS WARRANTY",0,1568.60,2116.80
,"SSD:240GB A400 KINGSTON","KINGSTON A400 240GB SA400S37/240G 2.5 SATA III INTERNAL SSD",0,1790.80,2197.80
,"SSD:240GB SKIHOTAR A320","SKIHOTAR 240GB A320 2.5"" / 7MM SATA III 6GB/S | 1 YEAR WARRANTY 1 WEEK OUTRIGHT REPLACEMENT",1,1588.40,1949.40
,"SURGE PROTECTOR:HUNTKEY SZM304-4 3 SOCKETS","HUNTKEY SZM304-4 3 SOCKETS 1.5 METERS SURGE PROTECTOR | OVERLOAD PROTECTION | MAX2500W-MAX10A, 2...",3,262.90,358.50
,"UPS:APC BVX650I-PH 650VA | 360W | 2","APC BVX650I-PH 650VA | 360W | 230V | 4 OUTLETS",1,2436.50,2990.25
,"USB HUB:USB HUB 3.0/3.1 - CARD READER","USB HUB 3.0/3.1- CARD READER TYPE C",1,330.00,450.00
,"USB WIFI ADAPTER:150MBPS BL-WN151 LB-LINK","LB-LINK BL-WN151 150MBPS WIRELESS N USB ADAPTER",0,165.00,300.00
,"USB WIFI ADAPTER:150MBPS CF-WU815N COMFAST","COMFAST CF-WU815N 150MBPS USB WIFI RECEIVER AUTO INSTALL",5,165.00,262.50
,"WEBCAM:480P PK-835G A4TECH","A4TECH PK-835G 480P 16MP ANTI GLARE CLIP | 30FPS | USB 2.0 | COATING LENS | FIXED FOCUS | W/ MIC...",0,605.00,786.50
,"WEBCAM:720P RED DRAGON FOBOS","720P RED DRAGON FOBOS",0,1134.00,1458.00
,"WEBCAM:Coolpro M207 1920x1080P USB 2.0","Coolpro M207 1920x1080P USB 2.0 Built in Mic 6 months warranty I 1 WEEK OUTRIGHT REPLACEMENT",9,671.00,854.00
,"WEBCAM:GSOU T16S 1080P 30FPS","GSOU T16S WITH LED 1080P 30FPS FULL HD WITH BUILD IN MICROPHONE | 1 MONTH WARRANTY | 3 DAYS OUTR...",0,1123.10,1378.35
,"WIFI ROUTER:TP-LINK DECO M5","TP-LINK DECO M5 (1-PACK) AC1300 WHOLE..HOME MESH WIFI SYSTEM | CONNECT OVER..100 DEVICES, DUALBA...",1,4105.50,4692.00
,"WIFI ROUTER:TP-LINK LB130 KASA SMART","TP-LINK LB130 KASA SMART WI-FI LED BULB W/ MILTI COLOUR | MANAGE REMOTELY | SAVE ENERGY | 6 MONT...",1,2281.65,2933.55
,"WIFI ROUTER:TP-LINK PA7010P-KIT AV1000 GIGA","TP-LINK PA7010P-KIT AV1000 GIGABIT..PASSTHROUGH POWERLINE STARTER KIT |..6 MONTHS WTY | 15 DAYS ...",0,4016.25,4590.00
